algo,seed,Sort,fold,s0,s1,s2,s3,s4
RSS,1,neg.SD,1,82,618,807,652,840
RSS,1,neg.SD,2,82,618,808,652,839
RSS,1,neg.SD,3,82,618,808,652,839
RSS,1,neg.SD,4,82,618,807,652,839
RSS,1,neg.SD,5,82,618,807,651,840
RSS,1,RSS,1,82,618,807,652,840
RSS,1,RSS,2,82,618,807,652,840
RSS,1,RSS,3,82,618,808,652,839
RSS,1,RSS,4,82,618,808,651,839
RSS,1,RSS,5,82,618,807,652,839
RSS,2,neg.SD,1,82,618,808,652,839
RSS,2,neg.SD,2,82,618,807,652,840
RSS,2,neg.SD,3,82,618,808,651,839
RSS,2,neg.SD,4,82,618,807,652,840
RSS,2,neg.SD,5,82,618,807,652,839
RSS,2,RSS,1,82,618,807,652,840
RSS,2,RSS,2,82,618,807,652,840
RSS,2,RSS,3,82,618,808,652,839
RSS,2,RSS,4,82,618,808,651,839
RSS,2,RSS,5,82,618,807,652,839
RSS,3,neg.SD,1,82,618,808,652,839
RSS,3,neg.SD,2,82,618,807,652,840
RSS,3,neg.SD,3,82,618,807,652,840
RSS,3,neg.SD,4,82,618,807,652,839
RSS,3,neg.SD,5,82,618,808,651,839
RSS,3,RSS,1,82,618,807,652,840
RSS,3,RSS,2,82,618,807,652,840
RSS,3,RSS,3,82,618,808,652,839
RSS,3,RSS,4,82,618,808,651,839
RSS,3,RSS,5,82,618,807,652,839
RSS,4,neg.SD,1,82,618,807,652,840
RSS,4,neg.SD,2,82,618,807,652,840
RSS,4,neg.SD,3,82,618,807,652,839
RSS,4,neg.SD,4,82,618,808,652,839
RSS,4,neg.SD,5,82,618,808,651,839
RSS,4,RSS,1,82,618,807,652,840
RSS,4,RSS,2,82,618,807,652,840
RSS,4,RSS,3,82,618,808,652,839
RSS,4,RSS,4,82,618,808,651,839
RSS,4,RSS,5,82,618,807,652,839
RSS,5,neg.SD,1,82,618,807,652,840
RSS,5,neg.SD,2,82,618,808,652,839
RSS,5,neg.SD,3,82,618,807,652,840
RSS,5,neg.SD,4,82,618,807,652,839
RSS,5,neg.SD,5,82,618,808,651,839
RSS,5,RSS,1,82,618,807,652,840
RSS,5,RSS,2,82,618,807,652,840
RSS,5,RSS,3,82,618,808,652,839
RSS,5,RSS,4,82,618,808,651,839
RSS,5,RSS,5,82,618,807,652,839
RSS,6,neg.SD,1,82,618,808,652,839
RSS,6,neg.SD,2,82,618,807,652,840
RSS,6,neg.SD,3,82,618,807,652,839
RSS,6,neg.SD,4,82,618,807,652,840
RSS,6,neg.SD,5,82,618,808,651,839
RSS,6,RSS,1,82,618,807,652,840
RSS,6,RSS,2,82,618,807,652,840
RSS,6,RSS,3,82,618,808,652,839
RSS,6,RSS,4,82,618,808,651,839
RSS,6,RSS,5,82,618,807,652,839
RSS,7,neg.SD,1,82,618,808,652,839
RSS,7,neg.SD,2,82,618,807,652,840
RSS,7,neg.SD,3,82,618,808,652,839
RSS,7,neg.SD,4,82,618,807,651,840
RSS,7,neg.SD,5,82,618,807,652,839
RSS,7,RSS,1,82,618,807,652,840
RSS,7,RSS,2,82,618,807,652,840
RSS,7,RSS,3,82,618,808,652,839
RSS,7,RSS,4,82,618,808,651,839
RSS,7,RSS,5,82,618,807,652,839
RSS,8,neg.SD,1,82,618,807,652,840
RSS,8,neg.SD,2,82,618,808,652,839
RSS,8,neg.SD,3,82,618,808,652,839
RSS,8,neg.SD,4,82,618,807,652,839
RSS,8,neg.SD,5,82,618,807,651,840
RSS,8,RSS,1,82,618,807,652,840
RSS,8,RSS,2,82,618,807,652,840
RSS,8,RSS,3,82,618,808,652,839
RSS,8,RSS,4,82,618,808,651,839
RSS,8,RSS,5,82,618,807,652,839
RSS,9,neg.SD,1,82,618,808,652,839
RSS,9,neg.SD,2,82,618,807,652,840
RSS,9,neg.SD,3,82,618,808,652,839
RSS,9,neg.SD,4,82,618,807,651,840
RSS,9,neg.SD,5,82,618,807,652,839
RSS,9,RSS,1,82,618,807,652,840
RSS,9,RSS,2,82,618,807,652,840
RSS,9,RSS,3,82,618,808,652,839
RSS,9,RSS,4,82,618,808,651,839
RSS,9,RSS,5,82,618,807,652,839
RSS,10,neg.SD,1,82,618,807,652,840
RSS,10,neg.SD,2,82,618,808,652,839
RSS,10,neg.SD,3,82,618,808,652,839
RSS,10,neg.SD,4,81,618,807,652,840
RSS,10,neg.SD,5,83,618,807,651,839
RSS,10,RSS,1,82,618,807,652,840
RSS,10,RSS,2,82,618,807,652,840
RSS,10,RSS,3,82,618,808,652,839
RSS,10,RSS,4,82,618,808,651,839
RSS,10,RSS,5,82,618,807,652,839
RSS,11,neg.SD,1,82,618,808,652,839
RSS,11,neg.SD,2,82,618,808,652,839
RSS,11,neg.SD,3,82,618,807,652,839
RSS,11,neg.SD,4,82,618,807,652,840
RSS,11,neg.SD,5,82,618,807,651,840
RSS,11,RSS,1,82,618,807,652,840
RSS,11,RSS,2,82,618,807,652,840
RSS,11,RSS,3,82,618,808,652,839
RSS,11,RSS,4,82,618,808,651,839
RSS,11,RSS,5,82,618,807,652,839
RSS,12,neg.SD,1,82,618,808,652,839
RSS,12,neg.SD,2,82,618,808,652,839
RSS,12,neg.SD,3,82,618,807,652,840
RSS,12,neg.SD,4,82,618,807,651,840
RSS,12,neg.SD,5,82,618,807,652,839
RSS,12,RSS,1,82,618,807,652,840
RSS,12,RSS,2,82,618,807,652,840
RSS,12,RSS,3,82,618,808,652,839
RSS,12,RSS,4,82,618,808,651,839
RSS,12,RSS,5,82,618,807,652,839
RSS,13,neg.SD,1,82,618,808,652,839
RSS,13,neg.SD,2,82,618,807,652,840
RSS,13,neg.SD,3,82,618,808,652,839
RSS,13,neg.SD,4,82,618,807,651,840
RSS,13,neg.SD,5,82,618,807,652,839
RSS,13,RSS,1,82,618,807,652,840
RSS,13,RSS,2,82,618,807,652,840
RSS,13,RSS,3,82,618,808,652,839
RSS,13,RSS,4,82,618,808,651,839
RSS,13,RSS,5,82,618,807,652,839
RSS,14,neg.SD,1,82,618,807,652,840
RSS,14,neg.SD,2,82,618,808,652,839
RSS,14,neg.SD,3,82,618,807,652,839
RSS,14,neg.SD,4,82,618,808,652,839
RSS,14,neg.SD,5,82,618,807,651,840
RSS,14,RSS,1,82,618,807,652,840
RSS,14,RSS,2,82,618,807,652,840
RSS,14,RSS,3,82,618,808,652,839
RSS,14,RSS,4,82,618,808,651,839
RSS,14,RSS,5,82,618,807,652,839
RSS,15,neg.SD,1,82,618,808,652,839
RSS,15,neg.SD,2,82,618,807,652,840
RSS,15,neg.SD,3,82,618,808,651,839
RSS,15,neg.SD,4,82,618,807,652,840
RSS,15,neg.SD,5,82,618,807,652,839
RSS,15,RSS,1,82,618,807,652,840
RSS,15,RSS,2,82,618,807,652,840
RSS,15,RSS,3,82,618,808,652,839
RSS,15,RSS,4,82,618,808,651,839
RSS,15,RSS,5,82,618,807,652,839
RSS,16,neg.SD,1,82,618,807,652,840
RSS,16,neg.SD,2,82,618,808,652,839
RSS,16,neg.SD,3,82,618,808,651,839
RSS,16,neg.SD,4,82,618,807,652,840
RSS,16,neg.SD,5,82,618,807,652,839
RSS,16,RSS,1,82,618,807,652,840
RSS,16,RSS,2,82,618,807,652,840
RSS,16,RSS,3,82,618,808,652,839
RSS,16,RSS,4,82,618,808,651,839
RSS,16,RSS,5,82,618,807,652,839
RSS,17,neg.SD,1,82,618,807,652,840
RSS,17,neg.SD,2,82,618,808,652,839
RSS,17,neg.SD,3,82,618,807,652,840
RSS,17,neg.SD,4,82,618,807,652,839
RSS,17,neg.SD,5,82,618,808,651,839
RSS,17,RSS,1,82,618,807,652,840
RSS,17,RSS,2,82,618,807,652,840
RSS,17,RSS,3,82,618,808,652,839
RSS,17,RSS,4,82,618,808,651,839
RSS,17,RSS,5,82,618,807,652,839
RSS,18,neg.SD,1,82,618,808,652,839
RSS,18,neg.SD,2,82,618,807,652,840
RSS,18,neg.SD,3,82,618,807,652,840
RSS,18,neg.SD,4,82,618,807,652,839
RSS,18,neg.SD,5,82,618,808,651,839
RSS,18,RSS,1,82,618,807,652,840
RSS,18,RSS,2,82,618,807,652,840
RSS,18,RSS,3,82,618,808,652,839
RSS,18,RSS,4,82,618,808,651,839
RSS,18,RSS,5,82,618,807,652,839
RSS,19,neg.SD,1,82,618,807,652,840
RSS,19,neg.SD,2,82,618,807,652,840
RSS,19,neg.SD,3,82,618,808,652,839
RSS,19,neg.SD,4,82,618,807,652,839
RSS,19,neg.SD,5,82,618,808,651,839
RSS,19,RSS,1,82,618,807,652,840
RSS,19,RSS,2,82,618,807,652,840
RSS,19,RSS,3,82,618,808,652,839
RSS,19,RSS,4,82,618,808,651,839
RSS,19,RSS,5,82,618,807,652,839
RSS,20,neg.SD,1,82,618,807,652,840
RSS,20,neg.SD,2,82,618,807,652,840
RSS,20,neg.SD,3,82,618,807,652,839
RSS,20,neg.SD,4,82,618,808,652,839
RSS,20,neg.SD,5,82,618,808,651,839
RSS,20,RSS,1,82,618,807,652,840
RSS,20,RSS,2,82,618,807,652,840
RSS,20,RSS,3,82,618,808,652,839
RSS,20,RSS,4,82,618,808,651,839
RSS,20,RSS,5,82,618,807,652,839
RSS,21,neg.SD,1,82,618,807,652,840
RSS,21,neg.SD,2,82,618,807,652,839
RSS,21,neg.SD,3,82,618,808,652,839
RSS,21,neg.SD,4,82,618,807,652,840
RSS,21,neg.SD,5,82,618,808,651,839
RSS,21,RSS,1,82,618,807,652,840
RSS,21,RSS,2,82,618,807,652,840
RSS,21,RSS,3,82,618,808,652,839
RSS,21,RSS,4,82,618,808,651,839
RSS,21,RSS,5,82,618,807,652,839
RSS,22,neg.SD,1,82,618,807,652,840
RSS,22,neg.SD,2,82,618,807,652,840
RSS,22,neg.SD,3,82,618,807,652,839
RSS,22,neg.SD,4,82,618,808,652,839
RSS,22,neg.SD,5,82,618,808,651,839
RSS,22,RSS,1,82,618,807,652,840
RSS,22,RSS,2,82,618,807,652,840
RSS,22,RSS,3,82,618,808,652,839
RSS,22,RSS,4,82,618,808,651,839
RSS,22,RSS,5,82,618,807,652,839
RSS,23,neg.SD,1,82,618,808,652,839
RSS,23,neg.SD,2,82,618,807,652,840
RSS,23,neg.SD,3,82,618,808,652,839
RSS,23,neg.SD,4,82,618,807,652,839
RSS,23,neg.SD,5,82,618,807,651,840
RSS,23,RSS,1,82,618,807,652,840
RSS,23,RSS,2,82,618,807,652,840
RSS,23,RSS,3,82,618,808,652,839
RSS,23,RSS,4,82,618,808,651,839
RSS,23,RSS,5,82,618,807,652,839
RSS,24,neg.SD,1,82,618,808,652,839
RSS,24,neg.SD,2,82,618,807,651,840
RSS,24,neg.SD,3,82,618,808,652,839
RSS,24,neg.SD,4,82,618,807,652,840
RSS,24,neg.SD,5,82,618,807,652,839
RSS,24,RSS,1,82,618,807,652,840
RSS,24,RSS,2,82,618,807,652,840
RSS,24,RSS,3,82,618,808,652,839
RSS,24,RSS,4,82,618,808,651,839
RSS,24,RSS,5,82,618,807,652,839
RSS,25,neg.SD,1,82,618,808,652,839
RSS,25,neg.SD,2,82,618,807,652,840
RSS,25,neg.SD,3,82,618,807,652,840
RSS,25,neg.SD,4,82,618,807,652,839
RSS,25,neg.SD,5,82,618,808,651,839
RSS,25,RSS,1,82,618,807,652,840
RSS,25,RSS,2,82,618,807,652,840
RSS,25,RSS,3,82,618,808,652,839
RSS,25,RSS,4,82,618,808,651,839
RSS,25,RSS,5,82,618,807,652,839
RSS,26,neg.SD,1,82,618,808,652,839
RSS,26,neg.SD,2,82,618,807,652,840
RSS,26,neg.SD,3,82,618,807,652,840
RSS,26,neg.SD,4,82,618,808,651,839
RSS,26,neg.SD,5,82,618,807,652,839
RSS,26,RSS,1,82,618,807,652,840
RSS,26,RSS,2,82,618,807,652,840
RSS,26,RSS,3,82,618,808,652,839
RSS,26,RSS,4,82,618,808,651,839
RSS,26,RSS,5,82,618,807,652,839
RSS,27,neg.SD,1,82,618,807,652,840
RSS,27,neg.SD,2,82,618,807,652,840
RSS,27,neg.SD,3,82,618,807,652,839
RSS,27,neg.SD,4,82,618,808,652,839
RSS,27,neg.SD,5,82,618,808,651,839
RSS,27,RSS,1,82,618,807,652,840
RSS,27,RSS,2,82,618,807,652,840
RSS,27,RSS,3,82,618,808,652,839
RSS,27,RSS,4,82,618,808,651,839
RSS,27,RSS,5,82,618,807,652,839
RSS,28,neg.SD,1,82,618,807,652,840
RSS,28,neg.SD,2,82,618,808,652,839
RSS,28,neg.SD,3,82,618,808,652,839
RSS,28,neg.SD,4,82,618,807,652,839
RSS,28,neg.SD,5,82,618,807,651,840
RSS,28,RSS,1,82,618,807,652,840
RSS,28,RSS,2,82,618,807,652,840
RSS,28,RSS,3,82,618,808,652,839
RSS,28,RSS,4,82,618,808,651,839
RSS,28,RSS,5,82,618,807,652,839
RSS,29,neg.SD,1,82,618,807,652,840
RSS,29,neg.SD,2,82,618,807,652,840
RSS,29,neg.SD,3,82,618,808,652,839
RSS,29,neg.SD,4,82,618,807,652,839
RSS,29,neg.SD,5,82,618,808,651,839
RSS,29,RSS,1,82,618,807,652,840
RSS,29,RSS,2,82,618,807,652,840
RSS,29,RSS,3,82,618,808,652,839
RSS,29,RSS,4,82,618,808,651,839
RSS,29,RSS,5,82,618,807,652,839
RSS,30,neg.SD,1,82,618,807,652,840
RSS,30,neg.SD,2,82,618,807,652,840
RSS,30,neg.SD,3,82,618,807,652,839
RSS,30,neg.SD,4,82,618,808,652,839
RSS,30,neg.SD,5,82,618,808,651,839
RSS,30,RSS,1,82,618,807,652,840
RSS,30,RSS,2,82,618,807,652,840
RSS,30,RSS,3,82,618,808,652,839
RSS,30,RSS,4,82,618,808,651,839
RSS,30,RSS,5,82,618,807,652,839
RSS,31,neg.SD,1,82,618,808,652,839
RSS,31,neg.SD,2,82,618,807,652,840
RSS,31,neg.SD,3,82,618,807,652,840
RSS,31,neg.SD,4,82,618,807,652,839
RSS,31,neg.SD,5,82,618,808,651,839
RSS,31,RSS,1,82,618,807,652,840
RSS,31,RSS,2,82,618,807,652,840
RSS,31,RSS,3,82,618,808,652,839
RSS,31,RSS,4,82,618,808,651,839
RSS,31,RSS,5,82,618,807,652,839
RSS,32,neg.SD,1,82,618,807,652,840
RSS,32,neg.SD,2,82,618,808,652,839
RSS,32,neg.SD,3,82,618,808,652,839
RSS,32,neg.SD,4,82,618,807,652,839
RSS,32,neg.SD,5,82,618,807,651,840
RSS,32,RSS,1,82,618,807,652,840
RSS,32,RSS,2,82,618,807,652,840
RSS,32,RSS,3,82,618,808,652,839
RSS,32,RSS,4,82,618,808,651,839
RSS,32,RSS,5,82,618,807,652,839
RSS,33,neg.SD,1,82,618,807,652,840
RSS,33,neg.SD,2,82,618,808,652,839
RSS,33,neg.SD,3,82,618,807,652,840
RSS,33,neg.SD,4,82,618,808,651,839
RSS,33,neg.SD,5,82,618,807,652,839
RSS,33,RSS,1,82,618,807,652,840
RSS,33,RSS,2,82,618,807,652,840
RSS,33,RSS,3,82,618,808,652,839
RSS,33,RSS,4,82,618,808,651,839
RSS,33,RSS,5,82,618,807,652,839
RSS,34,neg.SD,1,82,618,808,652,839
RSS,34,neg.SD,2,82,618,807,652,840
RSS,34,neg.SD,3,82,618,807,652,840
RSS,34,neg.SD,4,82,618,807,652,839
RSS,34,neg.SD,5,82,618,808,651,839
RSS,34,RSS,1,82,618,807,652,840
RSS,34,RSS,2,82,618,807,652,840
RSS,34,RSS,3,82,618,808,652,839
RSS,34,RSS,4,82,618,808,651,839
RSS,34,RSS,5,82,618,807,652,839
RSS,35,neg.SD,1,82,618,808,652,839
RSS,35,neg.SD,2,82,618,807,652,840
RSS,35,neg.SD,3,82,618,808,652,839
RSS,35,neg.SD,4,82,618,807,651,840
RSS,35,neg.SD,5,82,618,807,652,839
RSS,35,RSS,1,82,618,807,652,840
RSS,35,RSS,2,82,618,807,652,840
RSS,35,RSS,3,82,618,808,652,839
RSS,35,RSS,4,82,618,808,651,839
RSS,35,RSS,5,82,618,807,652,839
RSS,36,neg.SD,1,82,618,807,652,840
RSS,36,neg.SD,2,82,618,808,652,839
RSS,36,neg.SD,3,82,618,807,652,840
RSS,36,neg.SD,4,82,618,807,652,839
RSS,36,neg.SD,5,82,618,808,651,839
RSS,36,RSS,1,82,618,807,652,840
RSS,36,RSS,2,82,618,807,652,840
RSS,36,RSS,3,82,618,808,652,839
RSS,36,RSS,4,82,618,808,651,839
RSS,36,RSS,5,82,618,807,652,839
RSS,37,neg.SD,1,82,618,807,652,840
RSS,37,neg.SD,2,82,618,808,652,839
RSS,37,neg.SD,3,82,618,808,651,839
RSS,37,neg.SD,4,82,618,807,652,840
RSS,37,neg.SD,5,82,618,807,652,839
RSS,37,RSS,1,82,618,807,652,840
RSS,37,RSS,2,82,618,807,652,840
RSS,37,RSS,3,82,618,808,652,839
RSS,37,RSS,4,82,618,808,651,839
RSS,37,RSS,5,82,618,807,652,839
RSS,38,neg.SD,1,82,618,808,652,839
RSS,38,neg.SD,2,82,618,807,652,840
RSS,38,neg.SD,3,82,618,808,651,839
RSS,38,neg.SD,4,82,618,807,652,840
RSS,38,neg.SD,5,82,618,807,652,839
RSS,38,RSS,1,82,618,807,652,840
RSS,38,RSS,2,82,618,807,652,840
RSS,38,RSS,3,82,618,808,652,839
RSS,38,RSS,4,82,618,808,651,839
RSS,38,RSS,5,82,618,807,652,839
RSS,39,neg.SD,1,82,618,808,652,839
RSS,39,neg.SD,2,82,618,807,652,840
RSS,39,neg.SD,3,82,618,807,652,840
RSS,39,neg.SD,4,82,618,807,652,839
RSS,39,neg.SD,5,82,618,808,651,839
RSS,39,RSS,1,82,618,807,652,840
RSS,39,RSS,2,82,618,807,652,840
RSS,39,RSS,3,82,618,808,652,839
RSS,39,RSS,4,82,618,808,651,839
RSS,39,RSS,5,82,618,807,652,839
RSS,40,neg.SD,1,82,618,807,652,840
RSS,40,neg.SD,2,82,618,807,652,840
RSS,40,neg.SD,3,82,618,807,652,839
RSS,40,neg.SD,4,82,618,808,652,839
RSS,40,neg.SD,5,82,618,808,651,839
RSS,40,RSS,1,82,618,807,652,840
RSS,40,RSS,2,82,618,807,652,840
RSS,40,RSS,3,82,618,808,652,839
RSS,40,RSS,4,82,618,808,651,839
RSS,40,RSS,5,82,618,807,652,839
RSS,41,neg.SD,1,82,618,808,652,839
RSS,41,neg.SD,2,82,618,807,652,840
RSS,41,neg.SD,3,82,618,808,651,839
RSS,41,neg.SD,4,82,618,807,652,840
RSS,41,neg.SD,5,82,618,807,652,839
RSS,41,RSS,1,82,618,807,652,840
RSS,41,RSS,2,82,618,807,652,840
RSS,41,RSS,3,82,618,808,652,839
RSS,41,RSS,4,82,618,808,651,839
RSS,41,RSS,5,82,618,807,652,839
RSS,42,neg.SD,1,82,618,808,652,839
RSS,42,neg.SD,2,82,618,807,652,840
RSS,42,neg.SD,3,82,618,807,652,840
RSS,42,neg.SD,4,82,618,808,651,839
RSS,42,neg.SD,5,82,618,807,652,839
RSS,42,RSS,1,82,618,807,652,840
RSS,42,RSS,2,82,618,807,652,840
RSS,42,RSS,3,82,618,808,652,839
RSS,42,RSS,4,82,618,808,651,839
RSS,42,RSS,5,82,618,807,652,839
RSS,43,neg.SD,1,82,618,807,652,840
RSS,43,neg.SD,2,82,618,808,652,839
RSS,43,neg.SD,3,82,618,808,651,839
RSS,43,neg.SD,4,82,618,807,652,840
RSS,43,neg.SD,5,82,618,807,652,839
RSS,43,RSS,1,82,618,807,652,840
RSS,43,RSS,2,82,618,807,652,840
RSS,43,RSS,3,82,618,808,652,839
RSS,43,RSS,4,82,618,808,651,839
RSS,43,RSS,5,82,618,807,652,839
RSS,44,neg.SD,1,82,618,808,652,839
RSS,44,neg.SD,2,82,618,807,652,840
RSS,44,neg.SD,3,82,618,808,652,839
RSS,44,neg.SD,4,82,618,807,651,840
RSS,44,neg.SD,5,82,618,807,652,839
RSS,44,RSS,1,82,618,807,652,840
RSS,44,RSS,2,82,618,807,652,840
RSS,44,RSS,3,82,618,808,652,839
RSS,44,RSS,4,82,618,808,651,839
RSS,44,RSS,5,82,618,807,652,839
RSS,45,neg.SD,1,82,618,808,652,839
RSS,45,neg.SD,2,82,618,807,652,840
RSS,45,neg.SD,3,82,618,808,651,839
RSS,45,neg.SD,4,82,618,807,652,840
RSS,45,neg.SD,5,82,618,807,652,839
RSS,45,RSS,1,82,618,807,652,840
RSS,45,RSS,2,82,618,807,652,840
RSS,45,RSS,3,82,618,808,652,839
RSS,45,RSS,4,82,618,808,651,839
RSS,45,RSS,5,82,618,807,652,839
RSS,46,neg.SD,1,82,618,808,652,839
RSS,46,neg.SD,2,82,618,808,652,839
RSS,46,neg.SD,3,82,618,807,652,840
RSS,46,neg.SD,4,82,618,807,651,840
RSS,46,neg.SD,5,82,618,807,652,839
RSS,46,RSS,1,82,618,807,652,840
RSS,46,RSS,2,82,618,807,652,840
RSS,46,RSS,3,82,618,808,652,839
RSS,46,RSS,4,82,618,808,651,839
RSS,46,RSS,5,82,618,807,652,839
RSS,47,neg.SD,1,82,618,808,652,839
RSS,47,neg.SD,2,82,618,807,652,840
RSS,47,neg.SD,3,82,618,807,652,840
RSS,47,neg.SD,4,82,618,807,652,839
RSS,47,neg.SD,5,82,618,808,651,839
RSS,47,RSS,1,82,618,807,652,840
RSS,47,RSS,2,82,618,807,652,840
RSS,47,RSS,3,82,618,808,652,839
RSS,47,RSS,4,82,618,808,651,839
RSS,47,RSS,5,82,618,807,652,839
RSS,48,neg.SD,1,82,618,807,652,840
RSS,48,neg.SD,2,82,618,807,652,840
RSS,48,neg.SD,3,82,618,807,652,839
RSS,48,neg.SD,4,82,618,808,652,839
RSS,48,neg.SD,5,82,618,808,651,839
RSS,48,RSS,1,82,618,807,652,840
RSS,48,RSS,2,82,618,807,652,840
RSS,48,RSS,3,82,618,808,652,839
RSS,48,RSS,4,82,618,808,651,839
RSS,48,RSS,5,82,618,807,652,839
RSS,49,neg.SD,1,82,618,808,652,839
RSS,49,neg.SD,2,82,618,807,652,840
RSS,49,neg.SD,3,82,618,808,652,839
RSS,49,neg.SD,4,82,618,807,652,839
RSS,49,neg.SD,5,82,618,807,651,840
RSS,49,RSS,1,82,618,807,652,840
RSS,49,RSS,2,82,618,807,652,840
RSS,49,RSS,3,82,618,808,652,839
RSS,49,RSS,4,82,618,808,651,839
RSS,49,RSS,5,82,618,807,652,839
RSS,50,neg.SD,1,82,618,808,652,839
RSS,50,neg.SD,2,82,618,808,652,839
RSS,50,neg.SD,3,82,618,807,652,840
RSS,50,neg.SD,4,82,618,807,652,839
RSS,50,neg.SD,5,82,618,807,651,840
RSS,50,RSS,1,82,618,807,652,840
RSS,50,RSS,2,82,618,807,652,840
RSS,50,RSS,3,82,618,808,652,839
RSS,50,RSS,4,82,618,808,651,839
RSS,50,RSS,5,82,618,807,652,839
RSS,51,neg.SD,1,82,618,808,652,839
RSS,51,neg.SD,2,82,618,807,652,840
RSS,51,neg.SD,3,82,618,807,652,840
RSS,51,neg.SD,4,82,618,807,652,839
RSS,51,neg.SD,5,82,618,808,651,839
RSS,51,RSS,1,82,618,807,652,840
RSS,51,RSS,2,82,618,807,652,840
RSS,51,RSS,3,82,618,808,652,839
RSS,51,RSS,4,82,618,808,651,839
RSS,51,RSS,5,82,618,807,652,839
RSS,52,neg.SD,1,82,618,807,652,840
RSS,52,neg.SD,2,82,618,807,652,840
RSS,52,neg.SD,3,82,618,808,651,839
RSS,52,neg.SD,4,82,618,808,652,839
RSS,52,neg.SD,5,82,618,807,652,839
RSS,52,RSS,1,82,618,807,652,840
RSS,52,RSS,2,82,618,807,652,840
RSS,52,RSS,3,82,618,808,652,839
RSS,52,RSS,4,82,618,808,651,839
RSS,52,RSS,5,82,618,807,652,839
RSS,53,neg.SD,1,82,618,807,652,840
RSS,53,neg.SD,2,82,618,807,652,840
RSS,53,neg.SD,3,82,618,808,652,839
RSS,53,neg.SD,4,82,618,807,652,839
RSS,53,neg.SD,5,82,618,808,651,839
RSS,53,RSS,1,82,618,807,652,840
RSS,53,RSS,2,82,618,807,652,840
RSS,53,RSS,3,82,618,808,652,839
RSS,53,RSS,4,82,618,808,651,839
RSS,53,RSS,5,82,618,807,652,839
RSS,54,neg.SD,1,82,618,807,652,840
RSS,54,neg.SD,2,82,618,808,652,839
RSS,54,neg.SD,3,82,618,808,651,839
RSS,54,neg.SD,4,82,618,807,652,840
RSS,54,neg.SD,5,82,618,807,652,839
RSS,54,RSS,1,82,618,807,652,840
RSS,54,RSS,2,82,618,807,652,840
RSS,54,RSS,3,82,618,808,652,839
RSS,54,RSS,4,82,618,808,651,839
RSS,54,RSS,5,82,618,807,652,839
RSS,55,neg.SD,1,82,618,807,652,840
RSS,55,neg.SD,2,82,618,808,652,839
RSS,55,neg.SD,3,82,618,808,652,839
RSS,55,neg.SD,4,81,618,807,652,840
RSS,55,neg.SD,5,83,618,807,651,839
RSS,55,RSS,1,82,618,807,652,840
RSS,55,RSS,2,82,618,807,652,840
RSS,55,RSS,3,82,618,808,652,839
RSS,55,RSS,4,82,618,808,651,839
RSS,55,RSS,5,82,618,807,652,839
RSS,56,neg.SD,1,82,618,807,652,840
RSS,56,neg.SD,2,82,618,808,652,839
RSS,56,neg.SD,3,82,618,808,652,839
RSS,56,neg.SD,4,82,618,807,652,839
RSS,56,neg.SD,5,82,618,807,651,840
RSS,56,RSS,1,82,618,807,652,840
RSS,56,RSS,2,82,618,807,652,840
RSS,56,RSS,3,82,618,808,652,839
RSS,56,RSS,4,82,618,808,651,839
RSS,56,RSS,5,82,618,807,652,839
RSS,57,neg.SD,1,82,618,807,652,840
RSS,57,neg.SD,2,82,618,807,652,840
RSS,57,neg.SD,3,82,618,808,652,839
RSS,57,neg.SD,4,82,618,807,652,839
RSS,57,neg.SD,5,82,618,808,651,839
RSS,57,RSS,1,82,618,807,652,840
RSS,57,RSS,2,82,618,807,652,840
RSS,57,RSS,3,82,618,808,652,839
RSS,57,RSS,4,82,618,808,651,839
RSS,57,RSS,5,82,618,807,652,839
RSS,58,neg.SD,1,82,618,807,652,840
RSS,58,neg.SD,2,82,618,808,652,839
RSS,58,neg.SD,3,82,618,808,652,839
RSS,58,neg.SD,4,82,618,807,652,839
RSS,58,neg.SD,5,82,618,807,651,840
RSS,58,RSS,1,82,618,807,652,840
RSS,58,RSS,2,82,618,807,652,840
RSS,58,RSS,3,82,618,808,652,839
RSS,58,RSS,4,82,618,808,651,839
RSS,58,RSS,5,82,618,807,652,839
RSS,59,neg.SD,1,82,618,807,652,840
RSS,59,neg.SD,2,82,618,807,652,840
RSS,59,neg.SD,3,82,618,808,652,839
RSS,59,neg.SD,4,82,618,807,652,839
RSS,59,neg.SD,5,82,618,808,651,839
RSS,59,RSS,1,82,618,807,652,840
RSS,59,RSS,2,82,618,807,652,840
RSS,59,RSS,3,82,618,808,652,839
RSS,59,RSS,4,82,618,808,651,839
RSS,59,RSS,5,82,618,807,652,839
RSS,60,neg.SD,1,82,618,807,652,840
RSS,60,neg.SD,2,83,618,808,653,839
RSS,60,neg.SD,3,82,618,808,651,839
RSS,60,neg.SD,4,81,618,807,652,839
RSS,60,neg.SD,5,82,618,807,651,840
RSS,60,RSS,1,82,618,807,652,840
RSS,60,RSS,2,82,618,807,652,840
RSS,60,RSS,3,82,618,808,652,839
RSS,60,RSS,4,82,618,808,651,839
RSS,60,RSS,5,82,618,807,652,839
RSS,61,neg.SD,1,82,618,807,652,840
RSS,61,neg.SD,2,82,618,808,652,839
RSS,61,neg.SD,3,82,618,808,651,839
RSS,61,neg.SD,4,82,618,807,652,840
RSS,61,neg.SD,5,82,618,807,652,839
RSS,61,RSS,1,82,618,807,652,840
RSS,61,RSS,2,82,618,807,652,840
RSS,61,RSS,3,82,618,808,652,839
RSS,61,RSS,4,82,618,808,651,839
RSS,61,RSS,5,82,618,807,652,839
RSS,62,neg.SD,1,82,618,807,652,840
RSS,62,neg.SD,2,82,618,808,652,839
RSS,62,neg.SD,3,82,618,808,651,839
RSS,62,neg.SD,4,82,618,807,652,840
RSS,62,neg.SD,5,82,618,807,652,839
RSS,62,RSS,1,82,618,807,652,840
RSS,62,RSS,2,82,618,807,652,840
RSS,62,RSS,3,82,618,808,652,839
RSS,62,RSS,4,82,618,808,651,839
RSS,62,RSS,5,82,618,807,652,839
RSS,63,neg.SD,1,82,618,807,652,840
RSS,63,neg.SD,2,82,618,807,652,840
RSS,63,neg.SD,3,82,618,808,652,839
RSS,63,neg.SD,4,82,618,808,651,839
RSS,63,neg.SD,5,82,618,807,652,839
RSS,63,RSS,1,82,618,807,652,840
RSS,63,RSS,2,82,618,807,652,840
RSS,63,RSS,3,82,618,808,652,839
RSS,63,RSS,4,82,618,808,651,839
RSS,63,RSS,5,82,618,807,652,839
RSS,64,neg.SD,1,82,618,807,652,840
RSS,64,neg.SD,2,82,618,807,652,840
RSS,64,neg.SD,3,82,618,808,652,839
RSS,64,neg.SD,4,82,618,808,651,839
RSS,64,neg.SD,5,82,618,807,652,839
RSS,64,RSS,1,82,618,807,652,840
RSS,64,RSS,2,82,618,807,652,840
RSS,64,RSS,3,82,618,808,652,839
RSS,64,RSS,4,82,618,808,651,839
RSS,64,RSS,5,82,618,807,652,839
RSS,65,neg.SD,1,82,618,808,652,839
RSS,65,neg.SD,2,82,618,808,652,839
RSS,65,neg.SD,3,82,618,807,652,840
RSS,65,neg.SD,4,81,618,807,652,840
RSS,65,neg.SD,5,83,618,807,651,839
RSS,65,RSS,1,82,618,807,652,840
RSS,65,RSS,2,82,618,807,652,840
RSS,65,RSS,3,82,618,808,652,839
RSS,65,RSS,4,82,618,808,651,839
RSS,65,RSS,5,82,618,807,652,839
RSS,66,neg.SD,1,82,618,808,652,839
RSS,66,neg.SD,2,82,618,807,652,840
RSS,66,neg.SD,3,82,618,807,652,840
RSS,66,neg.SD,4,82,618,807,652,839
RSS,66,neg.SD,5,82,618,808,651,839
RSS,66,RSS,1,82,618,807,652,840
RSS,66,RSS,2,82,618,807,652,840
RSS,66,RSS,3,82,618,808,652,839
RSS,66,RSS,4,82,618,808,651,839
RSS,66,RSS,5,82,618,807,652,839
RSS,67,neg.SD,1,82,618,807,652,840
RSS,67,neg.SD,2,82,618,808,652,839
RSS,67,neg.SD,3,82,618,807,652,840
RSS,67,neg.SD,4,82,618,807,652,839
RSS,67,neg.SD,5,82,618,808,651,839
RSS,67,RSS,1,82,618,807,652,840
RSS,67,RSS,2,82,618,807,652,840
RSS,67,RSS,3,82,618,808,652,839
RSS,67,RSS,4,82,618,808,651,839
RSS,67,RSS,5,82,618,807,652,839
RSS,68,neg.SD,1,82,618,807,652,840
RSS,68,neg.SD,2,82,618,808,652,839
RSS,68,neg.SD,3,82,618,807,652,840
RSS,68,neg.SD,4,82,618,808,651,839
RSS,68,neg.SD,5,82,618,807,652,839
RSS,68,RSS,1,82,618,807,652,840
RSS,68,RSS,2,82,618,807,652,840
RSS,68,RSS,3,82,618,808,652,839
RSS,68,RSS,4,82,618,808,651,839
RSS,68,RSS,5,82,618,807,652,839
RSS,69,neg.SD,1,82,618,808,652,839
RSS,69,neg.SD,2,82,618,807,652,840
RSS,69,neg.SD,3,82,618,807,652,840
RSS,69,neg.SD,4,82,618,807,652,839
RSS,69,neg.SD,5,82,618,808,651,839
RSS,69,RSS,1,82,618,807,652,840
RSS,69,RSS,2,82,618,807,652,840
RSS,69,RSS,3,82,618,808,652,839
RSS,69,RSS,4,82,618,808,651,839
RSS,69,RSS,5,82,618,807,652,839
RSS,70,neg.SD,1,82,618,807,652,840
RSS,70,neg.SD,2,82,618,808,651,839
RSS,70,neg.SD,3,82,618,807,652,840
RSS,70,neg.SD,4,82,618,808,652,839
RSS,70,neg.SD,5,82,618,807,652,839
RSS,70,RSS,1,82,618,807,652,840
RSS,70,RSS,2,82,618,807,652,840
RSS,70,RSS,3,82,618,808,652,839
RSS,70,RSS,4,82,618,808,651,839
RSS,70,RSS,5,82,618,807,652,839
RSS,71,neg.SD,1,82,618,807,652,840
RSS,71,neg.SD,2,82,618,807,652,840
RSS,71,neg.SD,3,82,618,807,652,839
RSS,71,neg.SD,4,82,618,808,652,839
RSS,71,neg.SD,5,82,618,808,651,839
RSS,71,RSS,1,82,618,807,652,840
RSS,71,RSS,2,82,618,807,652,840
RSS,71,RSS,3,82,618,808,652,839
RSS,71,RSS,4,82,618,808,651,839
RSS,71,RSS,5,82,618,807,652,839
RSS,72,neg.SD,1,82,618,808,652,839
RSS,72,neg.SD,2,82,618,807,652,840
RSS,72,neg.SD,3,82,618,807,652,839
RSS,72,neg.SD,4,82,618,808,652,839
RSS,72,neg.SD,5,82,618,807,651,840
RSS,72,RSS,1,82,618,807,652,840
RSS,72,RSS,2,82,618,807,652,840
RSS,72,RSS,3,82,618,808,652,839
RSS,72,RSS,4,82,618,808,651,839
RSS,72,RSS,5,82,618,807,652,839
RSS,73,neg.SD,1,82,618,807,652,840
RSS,73,neg.SD,2,82,618,807,652,840
RSS,73,neg.SD,3,82,618,807,652,839
RSS,73,neg.SD,4,82,618,808,652,839
RSS,73,neg.SD,5,82,618,808,651,839
RSS,73,RSS,1,82,618,807,652,840
RSS,73,RSS,2,82,618,807,652,840
RSS,73,RSS,3,82,618,808,652,839
RSS,73,RSS,4,82,618,808,651,839
RSS,73,RSS,5,82,618,807,652,839
RSS,74,neg.SD,1,82,618,807,652,840
RSS,74,neg.SD,2,82,618,808,652,839
RSS,74,neg.SD,3,82,618,807,652,840
RSS,74,neg.SD,4,82,618,808,651,839
RSS,74,neg.SD,5,82,618,807,652,839
RSS,74,RSS,1,82,618,807,652,840
RSS,74,RSS,2,82,618,807,652,840
RSS,74,RSS,3,82,618,808,652,839
RSS,74,RSS,4,82,618,808,651,839
RSS,74,RSS,5,82,618,807,652,839
RSS,75,neg.SD,1,82,618,808,652,839
RSS,75,neg.SD,2,82,618,808,652,839
RSS,75,neg.SD,3,82,618,807,652,840
RSS,75,neg.SD,4,83,618,807,651,839
RSS,75,neg.SD,5,81,618,807,652,840
RSS,75,RSS,1,82,618,807,652,840
RSS,75,RSS,2,82,618,807,652,840
RSS,75,RSS,3,82,618,808,652,839
RSS,75,RSS,4,82,618,808,651,839
RSS,75,RSS,5,82,618,807,652,839
RSS,76,neg.SD,1,82,618,808,652,839
RSS,76,neg.SD,2,82,618,807,652,840
RSS,76,neg.SD,3,82,618,808,652,839
RSS,76,neg.SD,4,82,618,807,652,839
RSS,76,neg.SD,5,82,618,807,651,840
RSS,76,RSS,1,82,618,807,652,840
RSS,76,RSS,2,82,618,807,652,840
RSS,76,RSS,3,82,618,808,652,839
RSS,76,RSS,4,82,618,808,651,839
RSS,76,RSS,5,82,618,807,652,839
RSS,77,neg.SD,1,82,618,808,652,839
RSS,77,neg.SD,2,82,618,808,651,839
RSS,77,neg.SD,3,82,618,807,652,840
RSS,77,neg.SD,4,82,618,807,652,840
RSS,77,neg.SD,5,82,618,807,652,839
RSS,77,RSS,1,82,618,807,652,840
RSS,77,RSS,2,82,618,807,652,840
RSS,77,RSS,3,82,618,808,652,839
RSS,77,RSS,4,82,618,808,651,839
RSS,77,RSS,5,82,618,807,652,839
RSS,78,neg.SD,1,82,618,807,652,840
RSS,78,neg.SD,2,82,618,808,652,839
RSS,78,neg.SD,3,82,618,808,652,839
RSS,78,neg.SD,4,82,618,807,651,840
RSS,78,neg.SD,5,82,618,807,652,839
RSS,78,RSS,1,82,618,807,652,840
RSS,78,RSS,2,82,618,807,652,840
RSS,78,RSS,3,82,618,808,652,839
RSS,78,RSS,4,82,618,808,651,839
RSS,78,RSS,5,82,618,807,652,839
RSS,79,neg.SD,1,82,618,808,652,839
RSS,79,neg.SD,2,82,618,808,652,839
RSS,79,neg.SD,3,82,618,807,652,840
RSS,79,neg.SD,4,82,618,807,652,839
RSS,79,neg.SD,5,82,618,807,651,840
RSS,79,RSS,1,82,618,807,652,840
RSS,79,RSS,2,82,618,807,652,840
RSS,79,RSS,3,82,618,808,652,839
RSS,79,RSS,4,82,618,808,651,839
RSS,79,RSS,5,82,618,807,652,839
RSS,80,neg.SD,1,82,618,807,652,840
RSS,80,neg.SD,2,82,618,808,652,839
RSS,80,neg.SD,3,82,618,807,652,840
RSS,80,neg.SD,4,82,618,808,651,839
RSS,80,neg.SD,5,82,618,807,652,839
RSS,80,RSS,1,82,618,807,652,840
RSS,80,RSS,2,82,618,807,652,840
RSS,80,RSS,3,82,618,808,652,839
RSS,80,RSS,4,82,618,808,651,839
RSS,80,RSS,5,82,618,807,652,839
RSS,81,neg.SD,1,82,618,807,652,840
RSS,81,neg.SD,2,82,618,807,652,839
RSS,81,neg.SD,3,82,618,808,652,839
RSS,81,neg.SD,4,82,618,808,652,839
RSS,81,neg.SD,5,82,618,807,651,840
RSS,81,RSS,1,82,618,807,652,840
RSS,81,RSS,2,82,618,807,652,840
RSS,81,RSS,3,82,618,808,652,839
RSS,81,RSS,4,82,618,808,651,839
RSS,81,RSS,5,82,618,807,652,839
RSS,82,neg.SD,1,82,618,807,652,840
RSS,82,neg.SD,2,82,618,808,652,839
RSS,82,neg.SD,3,82,618,807,652,840
RSS,82,neg.SD,4,82,618,807,652,839
RSS,82,neg.SD,5,82,618,808,651,839
RSS,82,RSS,1,82,618,807,652,840
RSS,82,RSS,2,82,618,807,652,840
RSS,82,RSS,3,82,618,808,652,839
RSS,82,RSS,4,82,618,808,651,839
RSS,82,RSS,5,82,618,807,652,839
RSS,83,neg.SD,1,82,618,807,652,840
RSS,83,neg.SD,2,82,618,807,652,840
RSS,83,neg.SD,3,82,618,807,652,839
RSS,83,neg.SD,4,82,618,808,652,839
RSS,83,neg.SD,5,82,618,808,651,839
RSS,83,RSS,1,82,618,807,652,840
RSS,83,RSS,2,82,618,807,652,840
RSS,83,RSS,3,82,618,808,652,839
RSS,83,RSS,4,82,618,808,651,839
RSS,83,RSS,5,82,618,807,652,839
RSS,84,neg.SD,1,82,618,807,652,840
RSS,84,neg.SD,2,82,618,807,652,840
RSS,84,neg.SD,3,82,618,807,652,839
RSS,84,neg.SD,4,82,618,808,652,839
RSS,84,neg.SD,5,82,618,808,651,839
RSS,84,RSS,1,82,618,807,652,840
RSS,84,RSS,2,82,618,807,652,840
RSS,84,RSS,3,82,618,808,652,839
RSS,84,RSS,4,82,618,808,651,839
RSS,84,RSS,5,82,618,807,652,839
RSS,85,neg.SD,1,82,618,807,652,840
RSS,85,neg.SD,2,82,618,807,652,840
RSS,85,neg.SD,3,82,618,808,652,839
RSS,85,neg.SD,4,81,618,808,652,839
RSS,85,neg.SD,5,83,618,807,651,839
RSS,85,RSS,1,82,618,807,652,840
RSS,85,RSS,2,82,618,807,652,840
RSS,85,RSS,3,82,618,808,652,839
RSS,85,RSS,4,82,618,808,651,839
RSS,85,RSS,5,82,618,807,652,839
RSS,86,neg.SD,1,82,618,808,652,839
RSS,86,neg.SD,2,82,618,807,652,840
RSS,86,neg.SD,3,82,618,807,652,839
RSS,86,neg.SD,4,82,618,808,652,839
RSS,86,neg.SD,5,82,618,807,651,840
RSS,86,RSS,1,82,618,807,652,840
RSS,86,RSS,2,82,618,807,652,840
RSS,86,RSS,3,82,618,808,652,839
RSS,86,RSS,4,82,618,808,651,839
RSS,86,RSS,5,82,618,807,652,839
RSS,87,neg.SD,1,82,618,808,652,839
RSS,87,neg.SD,2,82,618,807,652,840
RSS,87,neg.SD,3,82,618,808,652,839
RSS,87,neg.SD,4,82,618,807,651,840
RSS,87,neg.SD,5,82,618,807,652,839
RSS,87,RSS,1,82,618,807,652,840
RSS,87,RSS,2,82,618,807,652,840
RSS,87,RSS,3,82,618,808,652,839
RSS,87,RSS,4,82,618,808,651,839
RSS,87,RSS,5,82,618,807,652,839
RSS,88,neg.SD,1,82,618,807,652,840
RSS,88,neg.SD,2,82,618,807,652,840
RSS,88,neg.SD,3,82,618,808,651,839
RSS,88,neg.SD,4,82,618,808,652,839
RSS,88,neg.SD,5,82,618,807,652,839
RSS,88,RSS,1,82,618,807,652,840
RSS,88,RSS,2,82,618,807,652,840
RSS,88,RSS,3,82,618,808,652,839
RSS,88,RSS,4,82,618,808,651,839
RSS,88,RSS,5,82,618,807,652,839
RSS,89,neg.SD,1,82,618,807,652,840
RSS,89,neg.SD,2,82,618,807,652,840
RSS,89,neg.SD,3,82,618,808,652,839
RSS,89,neg.SD,4,82,618,807,652,839
RSS,89,neg.SD,5,82,618,808,651,839
RSS,89,RSS,1,82,618,807,652,840
RSS,89,RSS,2,82,618,807,652,840
RSS,89,RSS,3,82,618,808,652,839
RSS,89,RSS,4,82,618,808,651,839
RSS,89,RSS,5,82,618,807,652,839
RSS,90,neg.SD,1,82,618,807,652,840
RSS,90,neg.SD,2,82,618,807,652,839
RSS,90,neg.SD,3,82,618,808,652,839
RSS,90,neg.SD,4,82,618,808,652,839
RSS,90,neg.SD,5,82,618,807,651,840
RSS,90,RSS,1,82,618,807,652,840
RSS,90,RSS,2,82,618,807,652,840
RSS,90,RSS,3,82,618,808,652,839
RSS,90,RSS,4,82,618,808,651,839
RSS,90,RSS,5,82,618,807,652,839
RSS,91,neg.SD,1,82,618,808,652,839
RSS,91,neg.SD,2,82,618,807,652,840
RSS,91,neg.SD,3,81,618,807,652,840
RSS,91,neg.SD,4,82,618,808,652,839
RSS,91,neg.SD,5,83,618,807,651,839
RSS,91,RSS,1,82,618,807,652,840
RSS,91,RSS,2,82,618,807,652,840
RSS,91,RSS,3,82,618,808,652,839
RSS,91,RSS,4,82,618,808,651,839
RSS,91,RSS,5,82,618,807,652,839
RSS,92,neg.SD,1,82,618,808,652,839
RSS,92,neg.SD,2,82,618,807,652,840
RSS,92,neg.SD,3,82,618,807,652,840
RSS,92,neg.SD,4,82,618,807,652,839
RSS,92,neg.SD,5,82,618,808,651,839
RSS,92,RSS,1,82,618,807,652,840
RSS,92,RSS,2,82,618,807,652,840
RSS,92,RSS,3,82,618,808,652,839
RSS,92,RSS,4,82,618,808,651,839
RSS,92,RSS,5,82,618,807,652,839
RSS,93,neg.SD,1,82,618,808,652,839
RSS,93,neg.SD,2,82,618,807,652,840
RSS,93,neg.SD,3,82,618,807,652,840
RSS,93,neg.SD,4,82,618,807,652,839
RSS,93,neg.SD,5,82,618,808,651,839
RSS,93,RSS,1,82,618,807,652,840
RSS,93,RSS,2,82,618,807,652,840
RSS,93,RSS,3,82,618,808,652,839
RSS,93,RSS,4,82,618,808,651,839
RSS,93,RSS,5,82,618,807,652,839
RSS,94,neg.SD,1,82,618,807,652,840
RSS,94,neg.SD,2,82,618,808,652,839
RSS,94,neg.SD,3,82,618,807,652,839
RSS,94,neg.SD,4,82,618,807,652,840
RSS,94,neg.SD,5,82,618,808,651,839
RSS,94,RSS,1,82,618,807,652,840
RSS,94,RSS,2,82,618,807,652,840
RSS,94,RSS,3,82,618,808,652,839
RSS,94,RSS,4,82,618,808,651,839
RSS,94,RSS,5,82,618,807,652,839
RSS,95,neg.SD,1,82,618,808,652,839
RSS,95,neg.SD,2,82,618,808,651,839
RSS,95,neg.SD,3,82,618,807,652,840
RSS,95,neg.SD,4,82,618,807,652,840
RSS,95,neg.SD,5,82,618,807,652,839
RSS,95,RSS,1,82,618,807,652,840
RSS,95,RSS,2,82,618,807,652,840
RSS,95,RSS,3,82,618,808,652,839
RSS,95,RSS,4,82,618,808,651,839
RSS,95,RSS,5,82,618,807,652,839
RSS,96,neg.SD,1,82,618,808,652,839
RSS,96,neg.SD,2,82,618,808,652,839
RSS,96,neg.SD,3,82,618,807,652,839
RSS,96,neg.SD,4,82,618,807,652,840
RSS,96,neg.SD,5,82,618,807,651,840
RSS,96,RSS,1,82,618,807,652,840
RSS,96,RSS,2,82,618,807,652,840
RSS,96,RSS,3,82,618,808,652,839
RSS,96,RSS,4,82,618,808,651,839
RSS,96,RSS,5,82,618,807,652,839
RSS,97,neg.SD,1,82,618,808,652,839
RSS,97,neg.SD,2,82,618,807,652,840
RSS,97,neg.SD,3,82,618,807,652,839
RSS,97,neg.SD,4,82,618,808,652,839
RSS,97,neg.SD,5,82,618,807,651,840
RSS,97,RSS,1,82,618,807,652,840
RSS,97,RSS,2,82,618,807,652,840
RSS,97,RSS,3,82,618,808,652,839
RSS,97,RSS,4,82,618,808,651,839
RSS,97,RSS,5,82,618,807,652,839
RSS,98,neg.SD,1,82,618,808,652,839
RSS,98,neg.SD,2,82,618,808,652,839
RSS,98,neg.SD,3,81,618,807,652,840
RSS,98,neg.SD,4,82,618,807,652,840
RSS,98,neg.SD,5,83,618,807,651,839
RSS,98,RSS,1,82,618,807,652,840
RSS,98,RSS,2,82,618,807,652,840
RSS,98,RSS,3,82,618,808,652,839
RSS,98,RSS,4,82,618,808,651,839
RSS,98,RSS,5,82,618,807,652,839
RSS,99,neg.SD,1,82,618,807,652,840
RSS,99,neg.SD,2,82,618,808,652,839
RSS,99,neg.SD,3,82,618,807,652,840
RSS,99,neg.SD,4,82,618,807,652,839
RSS,99,neg.SD,5,82,618,808,651,839
RSS,99,RSS,1,82,618,807,652,840
RSS,99,RSS,2,82,618,807,652,840
RSS,99,RSS,3,82,618,808,652,839
RSS,99,RSS,4,82,618,808,651,839
RSS,99,RSS,5,82,618,807,652,839
RSS,100,neg.SD,1,82,618,807,652,840
RSS,100,neg.SD,2,82,618,808,652,839
RSS,100,neg.SD,3,82,618,808,651,839
RSS,100,neg.SD,4,82,618,807,652,840
RSS,100,neg.SD,5,82,618,807,652,839
RSS,100,RSS,1,82,618,807,652,840
RSS,100,RSS,2,82,618,807,652,840
RSS,100,RSS,3,82,618,808,652,839
RSS,100,RSS,4,82,618,808,651,839
RSS,100,RSS,5,82,618,807,652,839
Wasikowski,1,neg.SD,1,82,618,808,652,839
Wasikowski,1,neg.SD,2,82,618,808,652,839
Wasikowski,1,neg.SD,3,82,618,807,652,839
Wasikowski,1,neg.SD,4,82,618,807,652,840
Wasikowski,1,neg.SD,5,82,618,807,651,840
Wasikowski,1,RSS,1,82,617,808,652,839
Wasikowski,1,RSS,2,82,618,807,652,839
Wasikowski,1,RSS,3,82,619,807,651,839
Wasikowski,1,RSS,4,82,618,808,652,838
Wasikowski,1,RSS,5,82,618,807,652,842
Wasikowski,2,neg.SD,1,82,618,807,652,840
Wasikowski,2,neg.SD,2,82,618,808,651,840
Wasikowski,2,neg.SD,3,82,618,807,652,839
Wasikowski,2,neg.SD,4,82,618,808,652,839
Wasikowski,2,neg.SD,5,82,618,807,652,839
Wasikowski,2,RSS,1,82,617,808,652,839
Wasikowski,2,RSS,2,82,618,807,652,839
Wasikowski,2,RSS,3,82,619,807,651,839
Wasikowski,2,RSS,4,82,618,808,652,838
Wasikowski,2,RSS,5,82,618,807,652,842
Wasikowski,3,neg.SD,1,82,618,807,652,840
Wasikowski,3,neg.SD,2,82,618,808,652,839
Wasikowski,3,neg.SD,3,82,618,808,651,839
Wasikowski,3,neg.SD,4,82,618,807,651,840
Wasikowski,3,neg.SD,5,82,618,807,653,839
Wasikowski,3,RSS,1,82,617,808,652,839
Wasikowski,3,RSS,2,82,618,807,652,839
Wasikowski,3,RSS,3,82,619,807,651,839
Wasikowski,3,RSS,4,82,618,808,652,838
Wasikowski,3,RSS,5,82,618,807,652,842
Wasikowski,4,neg.SD,1,82,618,807,652,840
Wasikowski,4,neg.SD,2,82,618,807,652,840
Wasikowski,4,neg.SD,3,82,618,807,652,839
Wasikowski,4,neg.SD,4,82,618,807,652,839
Wasikowski,4,neg.SD,5,82,618,809,651,839
Wasikowski,4,RSS,1,82,617,808,652,839
Wasikowski,4,RSS,2,82,618,807,652,839
Wasikowski,4,RSS,3,82,619,807,651,839
Wasikowski,4,RSS,4,82,618,808,652,838
Wasikowski,4,RSS,5,82,618,807,652,842
Wasikowski,5,neg.SD,1,82,618,808,652,839
Wasikowski,5,neg.SD,2,82,618,808,652,839
Wasikowski,5,neg.SD,3,82,618,807,652,839
Wasikowski,5,neg.SD,4,82,618,807,652,839
Wasikowski,5,neg.SD,5,82,618,807,651,841
Wasikowski,5,RSS,1,82,617,808,652,839
Wasikowski,5,RSS,2,82,618,807,652,839
Wasikowski,5,RSS,3,82,619,807,651,839
Wasikowski,5,RSS,4,82,618,808,652,838
Wasikowski,5,RSS,5,82,618,807,652,842
Wasikowski,6,neg.SD,1,82,618,807,652,840
Wasikowski,6,neg.SD,2,81,618,808,652,840
Wasikowski,6,neg.SD,3,82,618,807,652,839
Wasikowski,6,neg.SD,4,83,618,807,652,839
Wasikowski,6,neg.SD,5,82,618,808,651,839
Wasikowski,6,RSS,1,82,617,808,652,839
Wasikowski,6,RSS,2,82,618,807,652,839
Wasikowski,6,RSS,3,82,619,807,651,839
Wasikowski,6,RSS,4,82,618,808,652,838
Wasikowski,6,RSS,5,82,618,807,652,842
Wasikowski,7,neg.SD,1,82,618,807,652,840
Wasikowski,7,neg.SD,2,82,618,808,652,839
Wasikowski,7,neg.SD,3,82,618,807,652,839
Wasikowski,7,neg.SD,4,82,618,807,652,839
Wasikowski,7,neg.SD,5,82,618,808,651,840
Wasikowski,7,RSS,1,82,617,808,652,839
Wasikowski,7,RSS,2,82,618,807,652,839
Wasikowski,7,RSS,3,82,619,807,651,839
Wasikowski,7,RSS,4,82,618,808,652,838
Wasikowski,7,RSS,5,82,618,807,652,842
Wasikowski,8,neg.SD,1,82,618,808,652,839
Wasikowski,8,neg.SD,2,82,618,807,652,840
Wasikowski,8,neg.SD,3,82,618,807,652,839
Wasikowski,8,neg.SD,4,82,618,808,651,839
Wasikowski,8,neg.SD,5,82,618,807,652,840
Wasikowski,8,RSS,1,82,617,808,652,839
Wasikowski,8,RSS,2,82,618,807,652,839
Wasikowski,8,RSS,3,82,619,807,651,839
Wasikowski,8,RSS,4,82,618,808,652,838
Wasikowski,8,RSS,5,82,618,807,652,842
Wasikowski,9,neg.SD,1,82,618,807,652,840
Wasikowski,9,neg.SD,2,82,618,808,652,839
Wasikowski,9,neg.SD,3,82,618,807,652,839
Wasikowski,9,neg.SD,4,82,618,807,652,839
Wasikowski,9,neg.SD,5,82,618,808,651,840
Wasikowski,9,RSS,1,82,617,808,652,839
Wasikowski,9,RSS,2,82,618,807,652,839
Wasikowski,9,RSS,3,82,619,807,651,839
Wasikowski,9,RSS,4,82,618,808,652,838
Wasikowski,9,RSS,5,82,618,807,652,842
Wasikowski,10,neg.SD,1,82,618,807,652,839
Wasikowski,10,neg.SD,2,82,618,807,652,839
Wasikowski,10,neg.SD,3,82,618,806,652,840
Wasikowski,10,neg.SD,4,81,618,809,652,840
Wasikowski,10,neg.SD,5,83,618,808,651,839
Wasikowski,10,RSS,1,82,617,808,652,839
Wasikowski,10,RSS,2,82,618,807,652,839
Wasikowski,10,RSS,3,82,619,807,651,839
Wasikowski,10,RSS,4,82,618,808,652,838
Wasikowski,10,RSS,5,82,618,807,652,842
Wasikowski,11,neg.SD,1,82,618,808,652,839
Wasikowski,11,neg.SD,2,82,618,807,652,840
Wasikowski,11,neg.SD,3,82,618,807,652,840
Wasikowski,11,neg.SD,4,82,618,808,651,839
Wasikowski,11,neg.SD,5,82,618,807,652,839
Wasikowski,11,RSS,1,82,617,808,652,839
Wasikowski,11,RSS,2,82,618,807,652,839
Wasikowski,11,RSS,3,82,619,807,651,839
Wasikowski,11,RSS,4,82,618,808,652,838
Wasikowski,11,RSS,5,82,618,807,652,842
Wasikowski,12,neg.SD,1,81,618,808,652,839
Wasikowski,12,neg.SD,2,83,618,807,652,839
Wasikowski,12,neg.SD,3,82,618,807,652,839
Wasikowski,12,neg.SD,4,82,618,807,652,840
Wasikowski,12,neg.SD,5,82,618,808,651,840
Wasikowski,12,RSS,1,82,617,808,652,839
Wasikowski,12,RSS,2,82,618,807,652,839
Wasikowski,12,RSS,3,82,619,807,651,839
Wasikowski,12,RSS,4,82,618,808,652,838
Wasikowski,12,RSS,5,82,618,807,652,842
Wasikowski,13,neg.SD,1,82,618,808,652,839
Wasikowski,13,neg.SD,2,82,617,807,652,840
Wasikowski,13,neg.SD,3,82,618,808,652,839
Wasikowski,13,neg.SD,4,82,618,807,651,840
Wasikowski,13,neg.SD,5,82,619,807,652,839
Wasikowski,13,RSS,1,82,617,808,652,839
Wasikowski,13,RSS,2,82,618,807,652,839
Wasikowski,13,RSS,3,82,619,807,651,839
Wasikowski,13,RSS,4,82,618,808,652,838
Wasikowski,13,RSS,5,82,618,807,652,842
Wasikowski,14,neg.SD,1,81,618,807,652,840
Wasikowski,14,neg.SD,2,82,618,807,652,840
Wasikowski,14,neg.SD,3,82,618,808,651,839
Wasikowski,14,neg.SD,4,82,618,807,652,839
Wasikowski,14,neg.SD,5,83,618,808,652,839
Wasikowski,14,RSS,1,82,617,808,652,839
Wasikowski,14,RSS,2,82,618,807,652,839
Wasikowski,14,RSS,3,82,619,807,651,839
Wasikowski,14,RSS,4,82,618,808,652,838
Wasikowski,14,RSS,5,82,618,807,652,842
Wasikowski,15,neg.SD,1,82,618,807,652,840
Wasikowski,15,neg.SD,2,82,618,808,652,839
Wasikowski,15,neg.SD,3,82,618,807,652,840
Wasikowski,15,neg.SD,4,82,618,807,652,839
Wasikowski,15,neg.SD,5,82,618,808,651,839
Wasikowski,15,RSS,1,82,617,808,652,839
Wasikowski,15,RSS,2,82,618,807,652,839
Wasikowski,15,RSS,3,82,619,807,651,839
Wasikowski,15,RSS,4,82,618,808,652,838
Wasikowski,15,RSS,5,82,618,807,652,842
Wasikowski,16,neg.SD,1,82,618,808,652,839
Wasikowski,16,neg.SD,2,82,618,807,651,840
Wasikowski,16,neg.SD,3,82,618,807,652,840
Wasikowski,16,neg.SD,4,82,618,807,652,839
Wasikowski,16,neg.SD,5,82,618,808,652,839
Wasikowski,16,RSS,1,82,617,808,652,839
Wasikowski,16,RSS,2,82,618,807,652,839
Wasikowski,16,RSS,3,82,619,807,651,839
Wasikowski,16,RSS,4,82,618,808,652,838
Wasikowski,16,RSS,5,82,618,807,652,842
Wasikowski,17,neg.SD,1,82,618,808,652,839
Wasikowski,17,neg.SD,2,82,618,808,652,839
Wasikowski,17,neg.SD,3,82,618,807,651,840
Wasikowski,17,neg.SD,4,82,618,807,651,840
Wasikowski,17,neg.SD,5,82,618,807,653,839
Wasikowski,17,RSS,1,82,617,808,652,839
Wasikowski,17,RSS,2,82,618,807,652,839
Wasikowski,17,RSS,3,82,619,807,651,839
Wasikowski,17,RSS,4,82,618,808,652,838
Wasikowski,17,RSS,5,82,618,807,652,842
Wasikowski,18,neg.SD,1,82,618,808,651,840
Wasikowski,18,neg.SD,2,82,618,808,651,840
Wasikowski,18,neg.SD,3,82,618,807,652,839
Wasikowski,18,neg.SD,4,82,618,807,653,839
Wasikowski,18,neg.SD,5,82,618,807,652,839
Wasikowski,18,RSS,1,82,617,808,652,839
Wasikowski,18,RSS,2,82,618,807,652,839
Wasikowski,18,RSS,3,82,619,807,651,839
Wasikowski,18,RSS,4,82,618,808,652,838
Wasikowski,18,RSS,5,82,618,807,652,842
Wasikowski,19,neg.SD,1,82,618,807,652,840
Wasikowski,19,neg.SD,2,82,618,807,652,840
Wasikowski,19,neg.SD,3,82,618,808,652,839
Wasikowski,19,neg.SD,4,82,618,808,651,839
Wasikowski,19,neg.SD,5,82,618,807,652,839
Wasikowski,19,RSS,1,82,617,808,652,839
Wasikowski,19,RSS,2,82,618,807,652,839
Wasikowski,19,RSS,3,82,619,807,651,839
Wasikowski,19,RSS,4,82,618,808,652,838
Wasikowski,19,RSS,5,82,618,807,652,842
Wasikowski,20,neg.SD,1,82,618,808,651,840
Wasikowski,20,neg.SD,2,82,618,807,652,840
Wasikowski,20,neg.SD,3,82,618,807,652,839
Wasikowski,20,neg.SD,4,81,618,808,652,839
Wasikowski,20,neg.SD,5,83,618,807,652,839
Wasikowski,20,RSS,1,82,617,808,652,839
Wasikowski,20,RSS,2,82,618,807,652,839
Wasikowski,20,RSS,3,82,619,807,651,839
Wasikowski,20,RSS,4,82,618,808,652,838
Wasikowski,20,RSS,5,82,618,807,652,842
Wasikowski,21,neg.SD,1,81,618,807,652,840
Wasikowski,21,neg.SD,2,82,618,807,652,840
Wasikowski,21,neg.SD,3,82,618,808,652,839
Wasikowski,21,neg.SD,4,83,618,807,652,839
Wasikowski,21,neg.SD,5,82,618,808,651,839
Wasikowski,21,RSS,1,82,617,808,652,839
Wasikowski,21,RSS,2,82,618,807,652,839
Wasikowski,21,RSS,3,82,619,807,651,839
Wasikowski,21,RSS,4,82,618,808,652,838
Wasikowski,21,RSS,5,82,618,807,652,842
Wasikowski,22,neg.SD,1,82,618,807,652,840
Wasikowski,22,neg.SD,2,82,618,807,652,840
Wasikowski,22,neg.SD,3,82,618,807,652,839
Wasikowski,22,neg.SD,4,82,618,808,652,839
Wasikowski,22,neg.SD,5,82,618,808,651,839
Wasikowski,22,RSS,1,82,617,808,652,839
Wasikowski,22,RSS,2,82,618,807,652,839
Wasikowski,22,RSS,3,82,619,807,651,839
Wasikowski,22,RSS,4,82,618,808,652,838
Wasikowski,22,RSS,5,82,618,807,652,842
Wasikowski,23,neg.SD,1,82,617,808,652,839
Wasikowski,23,neg.SD,2,82,618,807,652,839
Wasikowski,23,neg.SD,3,82,618,808,651,839
Wasikowski,23,neg.SD,4,82,619,807,652,839
Wasikowski,23,neg.SD,5,82,618,807,652,841
Wasikowski,23,RSS,1,82,617,808,652,839
Wasikowski,23,RSS,2,82,618,807,652,839
Wasikowski,23,RSS,3,82,619,807,651,839
Wasikowski,23,RSS,4,82,618,808,652,838
Wasikowski,23,RSS,5,82,618,807,652,842
Wasikowski,24,neg.SD,1,81,618,808,652,840
Wasikowski,24,neg.SD,2,83,618,807,652,839
Wasikowski,24,neg.SD,3,82,618,807,652,840
Wasikowski,24,neg.SD,4,82,618,808,651,839
Wasikowski,24,neg.SD,5,82,618,807,652,839
Wasikowski,24,RSS,1,82,617,808,652,839
Wasikowski,24,RSS,2,82,618,807,652,839
Wasikowski,24,RSS,3,82,619,807,651,839
Wasikowski,24,RSS,4,82,618,808,652,838
Wasikowski,24,RSS,5,82,618,807,652,842
Wasikowski,25,neg.SD,1,82,618,808,652,839
Wasikowski,25,neg.SD,2,82,618,807,651,840
Wasikowski,25,neg.SD,3,82,618,807,652,840
Wasikowski,25,neg.SD,4,82,618,807,652,839
Wasikowski,25,neg.SD,5,82,618,808,652,839
Wasikowski,25,RSS,1,82,617,808,652,839
Wasikowski,25,RSS,2,82,618,807,652,839
Wasikowski,25,RSS,3,82,619,807,651,839
Wasikowski,25,RSS,4,82,618,808,652,838
Wasikowski,25,RSS,5,82,618,807,652,842
Wasikowski,26,neg.SD,1,82,618,807,652,840
Wasikowski,26,neg.SD,2,82,618,807,652,839
Wasikowski,26,neg.SD,3,82,618,808,652,839
Wasikowski,26,neg.SD,4,82,618,807,652,840
Wasikowski,26,neg.SD,5,82,618,808,651,839
Wasikowski,26,RSS,1,82,617,808,652,839
Wasikowski,26,RSS,2,82,618,807,652,839
Wasikowski,26,RSS,3,82,619,807,651,839
Wasikowski,26,RSS,4,82,618,808,652,838
Wasikowski,26,RSS,5,82,618,807,652,842
Wasikowski,27,neg.SD,1,82,617,808,652,840
Wasikowski,27,neg.SD,2,82,617,808,652,840
Wasikowski,27,neg.SD,3,82,619,807,652,839
Wasikowski,27,neg.SD,4,82,618,807,652,839
Wasikowski,27,neg.SD,5,82,619,807,651,839
Wasikowski,27,RSS,1,82,617,808,652,839
Wasikowski,27,RSS,2,82,618,807,652,839
Wasikowski,27,RSS,3,82,619,807,651,839
Wasikowski,27,RSS,4,82,618,808,652,838
Wasikowski,27,RSS,5,82,618,807,652,842
Wasikowski,28,neg.SD,1,82,618,807,652,840
Wasikowski,28,neg.SD,2,82,618,808,652,839
Wasikowski,28,neg.SD,3,82,618,808,651,839
Wasikowski,28,neg.SD,4,82,618,807,651,840
Wasikowski,28,neg.SD,5,82,618,807,653,839
Wasikowski,28,RSS,1,82,617,808,652,839
Wasikowski,28,RSS,2,82,618,807,652,839
Wasikowski,28,RSS,3,82,619,807,651,839
Wasikowski,28,RSS,4,82,618,808,652,838
Wasikowski,28,RSS,5,82,618,807,652,842
Wasikowski,29,neg.SD,1,82,618,807,652,840
Wasikowski,29,neg.SD,2,82,618,808,652,839
Wasikowski,29,neg.SD,3,82,618,808,652,839
Wasikowski,29,neg.SD,4,82,618,807,651,840
Wasikowski,29,neg.SD,5,82,618,807,652,839
Wasikowski,29,RSS,1,82,617,808,652,839
Wasikowski,29,RSS,2,82,618,807,652,839
Wasikowski,29,RSS,3,82,619,807,651,839
Wasikowski,29,RSS,4,82,618,808,652,838
Wasikowski,29,RSS,5,82,618,807,652,842
Wasikowski,30,neg.SD,1,81,618,808,652,840
Wasikowski,30,neg.SD,2,82,618,808,652,839
Wasikowski,30,neg.SD,3,83,618,807,651,840
Wasikowski,30,neg.SD,4,82,618,807,652,839
Wasikowski,30,neg.SD,5,82,618,807,652,839
Wasikowski,30,RSS,1,82,617,808,652,839
Wasikowski,30,RSS,2,82,618,807,652,839
Wasikowski,30,RSS,3,82,619,807,651,839
Wasikowski,30,RSS,4,82,618,808,652,838
Wasikowski,30,RSS,5,82,618,807,652,842
Wasikowski,31,neg.SD,1,82,618,807,651,840
Wasikowski,31,neg.SD,2,82,618,808,650,840
Wasikowski,31,neg.SD,3,82,618,807,653,839
Wasikowski,31,neg.SD,4,82,618,807,653,839
Wasikowski,31,neg.SD,5,82,618,808,652,839
Wasikowski,31,RSS,1,82,617,808,652,839
Wasikowski,31,RSS,2,82,618,807,652,839
Wasikowski,31,RSS,3,82,619,807,651,839
Wasikowski,31,RSS,4,82,618,808,652,838
Wasikowski,31,RSS,5,82,618,807,652,842
Wasikowski,32,neg.SD,1,82,618,808,652,839
Wasikowski,32,neg.SD,2,82,618,807,652,840
Wasikowski,32,neg.SD,3,82,618,807,652,839
Wasikowski,32,neg.SD,4,81,618,807,652,840
Wasikowski,32,neg.SD,5,83,618,808,651,839
Wasikowski,32,RSS,1,82,617,808,652,839
Wasikowski,32,RSS,2,82,618,807,652,839
Wasikowski,32,RSS,3,82,619,807,651,839
Wasikowski,32,RSS,4,82,618,808,652,838
Wasikowski,32,RSS,5,82,618,807,652,842
Wasikowski,33,neg.SD,1,82,618,808,652,839
Wasikowski,33,neg.SD,2,82,618,807,651,840
Wasikowski,33,neg.SD,3,82,618,807,652,840
Wasikowski,33,neg.SD,4,82,618,807,652,839
Wasikowski,33,neg.SD,5,82,618,808,652,839
Wasikowski,33,RSS,1,82,617,808,652,839
Wasikowski,33,RSS,2,82,618,807,652,839
Wasikowski,33,RSS,3,82,619,807,651,839
Wasikowski,33,RSS,4,82,618,808,652,838
Wasikowski,33,RSS,5,82,618,807,652,842
Wasikowski,34,neg.SD,1,82,618,807,652,840
Wasikowski,34,neg.SD,2,82,618,808,652,839
Wasikowski,34,neg.SD,3,82,617,807,652,840
Wasikowski,34,neg.SD,4,82,618,807,652,839
Wasikowski,34,neg.SD,5,82,619,808,651,839
Wasikowski,34,RSS,1,82,617,808,652,839
Wasikowski,34,RSS,2,82,618,807,652,839
Wasikowski,34,RSS,3,82,619,807,651,839
Wasikowski,34,RSS,4,82,618,808,652,838
Wasikowski,34,RSS,5,82,618,807,652,842
Wasikowski,35,neg.SD,1,82,617,808,652,840
Wasikowski,35,neg.SD,2,82,618,808,651,840
Wasikowski,35,neg.SD,3,82,619,807,652,839
Wasikowski,35,neg.SD,4,82,618,807,652,839
Wasikowski,35,neg.SD,5,82,618,807,652,839
Wasikowski,35,RSS,1,82,617,808,652,839
Wasikowski,35,RSS,2,82,618,807,652,839
Wasikowski,35,RSS,3,82,619,807,651,839
Wasikowski,35,RSS,4,82,618,808,652,838
Wasikowski,35,RSS,5,82,618,807,652,842
Wasikowski,36,neg.SD,1,81,618,808,652,840
Wasikowski,36,neg.SD,2,82,618,807,652,840
Wasikowski,36,neg.SD,3,82,618,807,652,839
Wasikowski,36,neg.SD,4,82,618,807,652,839
Wasikowski,36,neg.SD,5,83,618,808,651,839
Wasikowski,36,RSS,1,82,617,808,652,839
Wasikowski,36,RSS,2,82,618,807,652,839
Wasikowski,36,RSS,3,82,619,807,651,839
Wasikowski,36,RSS,4,82,618,808,652,838
Wasikowski,36,RSS,5,82,618,807,652,842
Wasikowski,37,neg.SD,1,82,618,807,652,840
Wasikowski,37,neg.SD,2,82,618,808,652,839
Wasikowski,37,neg.SD,3,82,618,807,652,840
Wasikowski,37,neg.SD,4,81,618,808,652,839
Wasikowski,37,neg.SD,5,83,618,807,651,839
Wasikowski,37,RSS,1,82,617,808,652,839
Wasikowski,37,RSS,2,82,618,807,652,839
Wasikowski,37,RSS,3,82,619,807,651,839
Wasikowski,37,RSS,4,82,618,808,652,838
Wasikowski,37,RSS,5,82,618,807,652,842
Wasikowski,38,neg.SD,1,82,618,808,652,839
Wasikowski,38,neg.SD,2,82,618,807,652,840
Wasikowski,38,neg.SD,3,82,618,807,652,839
Wasikowski,38,neg.SD,4,81,618,807,652,840
Wasikowski,38,neg.SD,5,83,618,808,651,839
Wasikowski,38,RSS,1,82,617,808,652,839
Wasikowski,38,RSS,2,82,618,807,652,839
Wasikowski,38,RSS,3,82,619,807,651,839
Wasikowski,38,RSS,4,82,618,808,652,838
Wasikowski,38,RSS,5,82,618,807,652,842
Wasikowski,39,neg.SD,1,82,618,807,652,840
Wasikowski,39,neg.SD,2,81,618,808,652,840
Wasikowski,39,neg.SD,3,83,617,807,652,839
Wasikowski,39,neg.SD,4,82,619,807,651,839
Wasikowski,39,neg.SD,5,82,618,808,652,839
Wasikowski,39,RSS,1,82,617,808,652,839
Wasikowski,39,RSS,2,82,618,807,652,839
Wasikowski,39,RSS,3,82,619,807,651,839
Wasikowski,39,RSS,4,82,618,808,652,838
Wasikowski,39,RSS,5,82,618,807,652,842
Wasikowski,40,neg.SD,1,82,618,807,652,840
Wasikowski,40,neg.SD,2,82,618,807,652,840
Wasikowski,40,neg.SD,3,82,618,807,652,839
Wasikowski,40,neg.SD,4,82,618,808,652,839
Wasikowski,40,neg.SD,5,82,618,808,651,839
Wasikowski,40,RSS,1,82,617,808,652,839
Wasikowski,40,RSS,2,82,618,807,652,839
Wasikowski,40,RSS,3,82,619,807,651,839
Wasikowski,40,RSS,4,82,618,808,652,838
Wasikowski,40,RSS,5,82,618,807,652,842
Wasikowski,41,neg.SD,1,82,617,808,652,840
Wasikowski,41,neg.SD,2,82,618,807,652,840
Wasikowski,41,neg.SD,3,82,618,808,652,839
Wasikowski,41,neg.SD,4,82,619,807,651,839
Wasikowski,41,neg.SD,5,82,618,807,652,839
Wasikowski,41,RSS,1,82,617,808,652,839
Wasikowski,41,RSS,2,82,618,807,652,839
Wasikowski,41,RSS,3,82,619,807,651,839
Wasikowski,41,RSS,4,82,618,808,652,838
Wasikowski,41,RSS,5,82,618,807,652,842
Wasikowski,42,neg.SD,1,82,618,808,652,839
Wasikowski,42,neg.SD,2,82,618,807,652,840
Wasikowski,42,neg.SD,3,82,618,807,652,840
Wasikowski,42,neg.SD,4,81,618,808,652,839
Wasikowski,42,neg.SD,5,83,618,807,651,839
Wasikowski,42,RSS,1,82,617,808,652,839
Wasikowski,42,RSS,2,82,618,807,652,839
Wasikowski,42,RSS,3,82,619,807,651,839
Wasikowski,42,RSS,4,82,618,808,652,838
Wasikowski,42,RSS,5,82,618,807,652,842
Wasikowski,43,neg.SD,1,82,618,808,652,839
Wasikowski,43,neg.SD,2,82,618,807,652,840
Wasikowski,43,neg.SD,3,82,618,808,651,839
Wasikowski,43,neg.SD,4,82,618,807,652,840
Wasikowski,43,neg.SD,5,82,618,807,652,839
Wasikowski,43,RSS,1,82,617,808,652,839
Wasikowski,43,RSS,2,82,618,807,652,839
Wasikowski,43,RSS,3,82,619,807,651,839
Wasikowski,43,RSS,4,82,618,808,652,838
Wasikowski,43,RSS,5,82,618,807,652,842
Wasikowski,44,neg.SD,1,82,618,807,652,840
Wasikowski,44,neg.SD,2,82,618,807,652,840
Wasikowski,44,neg.SD,3,82,618,808,651,839
Wasikowski,44,neg.SD,4,82,618,808,652,839
Wasikowski,44,neg.SD,5,82,618,807,652,839
Wasikowski,44,RSS,1,82,617,808,652,839
Wasikowski,44,RSS,2,82,618,807,652,839
Wasikowski,44,RSS,3,82,619,807,651,839
Wasikowski,44,RSS,4,82,618,808,652,838
Wasikowski,44,RSS,5,82,618,807,652,842
Wasikowski,45,neg.SD,1,82,618,808,651,840
Wasikowski,45,neg.SD,2,82,618,808,651,840
Wasikowski,45,neg.SD,3,82,618,807,652,839
Wasikowski,45,neg.SD,4,82,618,807,653,839
Wasikowski,45,neg.SD,5,82,618,807,652,839
Wasikowski,45,RSS,1,82,617,808,652,839
Wasikowski,45,RSS,2,82,618,807,652,839
Wasikowski,45,RSS,3,82,619,807,651,839
Wasikowski,45,RSS,4,82,618,808,652,838
Wasikowski,45,RSS,5,82,618,807,652,842
Wasikowski,46,neg.SD,1,82,618,808,652,838
Wasikowski,46,neg.SD,2,82,618,808,651,840
Wasikowski,46,neg.SD,3,82,618,807,652,840
Wasikowski,46,neg.SD,4,82,618,807,651,840
Wasikowski,46,neg.SD,5,82,618,807,653,839
Wasikowski,46,RSS,1,82,617,808,652,839
Wasikowski,46,RSS,2,82,618,807,652,839
Wasikowski,46,RSS,3,82,619,807,651,839
Wasikowski,46,RSS,4,82,618,808,652,838
Wasikowski,46,RSS,5,82,618,807,652,842
Wasikowski,47,neg.SD,1,82,618,807,651,840
Wasikowski,47,neg.SD,2,82,618,807,652,840
Wasikowski,47,neg.SD,3,82,618,807,652,839
Wasikowski,47,neg.SD,4,82,618,808,652,839
Wasikowski,47,neg.SD,5,82,618,808,652,839
Wasikowski,47,RSS,1,82,617,808,652,839
Wasikowski,47,RSS,2,82,618,807,652,839
Wasikowski,47,RSS,3,82,619,807,651,839
Wasikowski,47,RSS,4,82,618,808,652,838
Wasikowski,47,RSS,5,82,618,807,652,842
Wasikowski,48,neg.SD,1,82,618,807,652,840
Wasikowski,48,neg.SD,2,82,618,807,652,839
Wasikowski,48,neg.SD,3,82,618,807,652,839
Wasikowski,48,neg.SD,4,82,618,808,651,840
Wasikowski,48,neg.SD,5,82,618,808,652,839
Wasikowski,48,RSS,1,82,617,808,652,839
Wasikowski,48,RSS,2,82,618,807,652,839
Wasikowski,48,RSS,3,82,619,807,651,839
Wasikowski,48,RSS,4,82,618,808,652,838
Wasikowski,48,RSS,5,82,618,807,652,842
Wasikowski,49,neg.SD,1,82,618,808,652,839
Wasikowski,49,neg.SD,2,82,618,807,652,839
Wasikowski,49,neg.SD,3,82,618,807,652,839
Wasikowski,49,neg.SD,4,82,618,808,652,839
Wasikowski,49,neg.SD,5,82,618,807,651,841
Wasikowski,49,RSS,1,82,617,808,652,839
Wasikowski,49,RSS,2,82,618,807,652,839
Wasikowski,49,RSS,3,82,619,807,651,839
Wasikowski,49,RSS,4,82,618,808,652,838
Wasikowski,49,RSS,5,82,618,807,652,842
Wasikowski,50,neg.SD,1,82,618,808,652,839
Wasikowski,50,neg.SD,2,82,618,807,652,839
Wasikowski,50,neg.SD,3,82,618,807,652,839
Wasikowski,50,neg.SD,4,82,618,807,652,840
Wasikowski,50,neg.SD,5,82,618,808,651,840
Wasikowski,50,RSS,1,82,617,808,652,839
Wasikowski,50,RSS,2,82,618,807,652,839
Wasikowski,50,RSS,3,82,619,807,651,839
Wasikowski,50,RSS,4,82,618,808,652,838
Wasikowski,50,RSS,5,82,618,807,652,842
Wasikowski,51,neg.SD,1,82,618,807,652,840
Wasikowski,51,neg.SD,2,82,617,808,652,840
Wasikowski,51,neg.SD,3,82,617,808,652,839
Wasikowski,51,neg.SD,4,82,619,807,651,839
Wasikowski,51,neg.SD,5,82,619,807,652,839
Wasikowski,51,RSS,1,82,617,808,652,839
Wasikowski,51,RSS,2,82,618,807,652,839
Wasikowski,51,RSS,3,82,619,807,651,839
Wasikowski,51,RSS,4,82,618,808,652,838
Wasikowski,51,RSS,5,82,618,807,652,842
Wasikowski,52,neg.SD,1,82,618,807,652,840
Wasikowski,52,neg.SD,2,82,618,808,652,839
Wasikowski,52,neg.SD,3,82,618,807,652,839
Wasikowski,52,neg.SD,4,82,618,807,652,839
Wasikowski,52,neg.SD,5,82,618,808,651,840
Wasikowski,52,RSS,1,82,617,808,652,839
Wasikowski,52,RSS,2,82,618,807,652,839
Wasikowski,52,RSS,3,82,619,807,651,839
Wasikowski,52,RSS,4,82,618,808,652,838
Wasikowski,52,RSS,5,82,618,807,652,842
Wasikowski,53,neg.SD,1,82,618,807,652,840
Wasikowski,53,neg.SD,2,82,618,808,652,839
Wasikowski,53,neg.SD,3,82,618,807,651,840
Wasikowski,53,neg.SD,4,82,618,807,652,839
Wasikowski,53,neg.SD,5,82,618,808,652,839
Wasikowski,53,RSS,1,82,617,808,652,839
Wasikowski,53,RSS,2,82,618,807,652,839
Wasikowski,53,RSS,3,82,619,807,651,839
Wasikowski,53,RSS,4,82,618,808,652,838
Wasikowski,53,RSS,5,82,618,807,652,842
Wasikowski,54,neg.SD,1,82,618,808,652,839
Wasikowski,54,neg.SD,2,82,618,807,652,840
Wasikowski,54,neg.SD,3,82,618,807,652,839
Wasikowski,54,neg.SD,4,82,618,807,651,840
Wasikowski,54,neg.SD,5,82,618,808,652,839
Wasikowski,54,RSS,1,82,617,808,652,839
Wasikowski,54,RSS,2,82,618,807,652,839
Wasikowski,54,RSS,3,82,619,807,651,839
Wasikowski,54,RSS,4,82,618,808,652,838
Wasikowski,54,RSS,5,82,618,807,652,842
Wasikowski,55,neg.SD,1,82,618,807,652,840
Wasikowski,55,neg.SD,2,82,618,808,652,839
Wasikowski,55,neg.SD,3,83,618,807,651,840
Wasikowski,55,neg.SD,4,82,618,807,652,839
Wasikowski,55,neg.SD,5,81,618,808,652,839
Wasikowski,55,RSS,1,82,617,808,652,839
Wasikowski,55,RSS,2,82,618,807,652,839
Wasikowski,55,RSS,3,82,619,807,651,839
Wasikowski,55,RSS,4,82,618,808,652,838
Wasikowski,55,RSS,5,82,618,807,652,842
Wasikowski,56,neg.SD,1,82,618,807,652,839
Wasikowski,56,neg.SD,2,82,618,807,652,840
Wasikowski,56,neg.SD,3,82,618,807,652,839
Wasikowski,56,neg.SD,4,82,618,808,652,839
Wasikowski,56,neg.SD,5,82,618,808,651,840
Wasikowski,56,RSS,1,82,617,808,652,839
Wasikowski,56,RSS,2,82,618,807,652,839
Wasikowski,56,RSS,3,82,619,807,651,839
Wasikowski,56,RSS,4,82,618,808,652,838
Wasikowski,56,RSS,5,82,618,807,652,842
Wasikowski,57,neg.SD,1,82,618,808,652,839
Wasikowski,57,neg.SD,2,82,618,807,652,840
Wasikowski,57,neg.SD,3,82,618,807,652,839
Wasikowski,57,neg.SD,4,82,618,808,652,839
Wasikowski,57,neg.SD,5,82,618,807,651,840
Wasikowski,57,RSS,1,82,617,808,652,839
Wasikowski,57,RSS,2,82,618,807,652,839
Wasikowski,57,RSS,3,82,619,807,651,839
Wasikowski,57,RSS,4,82,618,808,652,838
Wasikowski,57,RSS,5,82,618,807,652,842
Wasikowski,58,neg.SD,1,82,618,808,651,840
Wasikowski,58,neg.SD,2,82,618,808,652,839
Wasikowski,58,neg.SD,3,81,618,807,652,840
Wasikowski,58,neg.SD,4,83,618,807,651,839
Wasikowski,58,neg.SD,5,82,618,807,653,839
Wasikowski,58,RSS,1,82,617,808,652,839
Wasikowski,58,RSS,2,82,618,807,652,839
Wasikowski,58,RSS,3,82,619,807,651,839
Wasikowski,58,RSS,4,82,618,808,652,838
Wasikowski,58,RSS,5,82,618,807,652,842
Wasikowski,59,neg.SD,1,82,618,807,652,840
Wasikowski,59,neg.SD,2,82,618,808,652,839
Wasikowski,59,neg.SD,3,82,617,808,652,839
Wasikowski,59,neg.SD,4,82,619,807,652,839
Wasikowski,59,neg.SD,5,82,618,807,651,840
Wasikowski,59,RSS,1,82,617,808,652,839
Wasikowski,59,RSS,2,82,618,807,652,839
Wasikowski,59,RSS,3,82,619,807,651,839
Wasikowski,59,RSS,4,82,618,808,652,838
Wasikowski,59,RSS,5,82,618,807,652,842
Wasikowski,60,neg.SD,1,82,618,807,652,839
Wasikowski,60,neg.SD,2,82,619,808,653,839
Wasikowski,60,neg.SD,3,82,617,807,652,840
Wasikowski,60,neg.SD,4,82,618,807,651,840
Wasikowski,60,neg.SD,5,82,618,808,651,839
Wasikowski,60,RSS,1,82,617,808,652,839
Wasikowski,60,RSS,2,82,618,807,652,839
Wasikowski,60,RSS,3,82,619,807,651,839
Wasikowski,60,RSS,4,82,618,808,652,838
Wasikowski,60,RSS,5,82,618,807,652,842
Wasikowski,61,neg.SD,1,82,618,808,652,839
Wasikowski,61,neg.SD,2,82,618,807,651,840
Wasikowski,61,neg.SD,3,81,618,807,652,840
Wasikowski,61,neg.SD,4,82,618,807,652,839
Wasikowski,61,neg.SD,5,83,618,808,652,839
Wasikowski,61,RSS,1,82,617,808,652,839
Wasikowski,61,RSS,2,82,618,807,652,839
Wasikowski,61,RSS,3,82,619,807,651,839
Wasikowski,61,RSS,4,82,618,808,652,838
Wasikowski,61,RSS,5,82,618,807,652,842
Wasikowski,62,neg.SD,1,82,618,807,652,840
Wasikowski,62,neg.SD,2,82,617,808,652,840
Wasikowski,62,neg.SD,3,82,618,807,652,839
Wasikowski,62,neg.SD,4,82,619,807,652,839
Wasikowski,62,neg.SD,5,82,618,808,651,839
Wasikowski,62,RSS,1,82,617,808,652,839
Wasikowski,62,RSS,2,82,618,807,652,839
Wasikowski,62,RSS,3,82,619,807,651,839
Wasikowski,62,RSS,4,82,618,808,652,838
Wasikowski,62,RSS,5,82,618,807,652,842
Wasikowski,63,neg.SD,1,82,618,807,652,840
Wasikowski,63,neg.SD,2,82,618,807,652,840
Wasikowski,63,neg.SD,3,82,618,808,651,839
Wasikowski,63,neg.SD,4,82,618,808,651,839
Wasikowski,63,neg.SD,5,82,618,807,653,839
Wasikowski,63,RSS,1,82,617,808,652,839
Wasikowski,63,RSS,2,82,618,807,652,839
Wasikowski,63,RSS,3,82,619,807,651,839
Wasikowski,63,RSS,4,82,618,808,652,838
Wasikowski,63,RSS,5,82,618,807,652,842
Wasikowski,64,neg.SD,1,82,618,807,652,840
Wasikowski,64,neg.SD,2,82,618,808,652,839
Wasikowski,64,neg.SD,3,82,618,807,652,839
Wasikowski,64,neg.SD,4,82,618,807,651,840
Wasikowski,64,neg.SD,5,82,618,808,652,839
Wasikowski,64,RSS,1,82,617,808,652,839
Wasikowski,64,RSS,2,82,618,807,652,839
Wasikowski,64,RSS,3,82,619,807,651,839
Wasikowski,64,RSS,4,82,618,808,652,838
Wasikowski,64,RSS,5,82,618,807,652,842
Wasikowski,65,neg.SD,1,81,618,808,652,840
Wasikowski,65,neg.SD,2,81,618,808,652,839
Wasikowski,65,neg.SD,3,82,618,807,651,840
Wasikowski,65,neg.SD,4,82,618,807,652,839
Wasikowski,65,neg.SD,5,84,618,807,652,839
Wasikowski,65,RSS,1,82,617,808,652,839
Wasikowski,65,RSS,2,82,618,807,652,839
Wasikowski,65,RSS,3,82,619,807,651,839
Wasikowski,65,RSS,4,82,618,808,652,838
Wasikowski,65,RSS,5,82,618,807,652,842
Wasikowski,66,neg.SD,1,81,618,808,652,840
Wasikowski,66,neg.SD,2,80,618,808,652,840
Wasikowski,66,neg.SD,3,83,618,807,652,839
Wasikowski,66,neg.SD,4,83,618,807,651,839
Wasikowski,66,neg.SD,5,83,618,807,652,839
Wasikowski,66,RSS,1,82,617,808,652,839
Wasikowski,66,RSS,2,82,618,807,652,839
Wasikowski,66,RSS,3,82,619,807,651,839
Wasikowski,66,RSS,4,82,618,808,652,838
Wasikowski,66,RSS,5,82,618,807,652,842
Wasikowski,67,neg.SD,1,82,618,807,652,840
Wasikowski,67,neg.SD,2,82,618,808,652,839
Wasikowski,67,neg.SD,3,82,618,807,652,840
Wasikowski,67,neg.SD,4,82,618,807,652,839
Wasikowski,67,neg.SD,5,82,618,808,651,839
Wasikowski,67,RSS,1,82,617,808,652,839
Wasikowski,67,RSS,2,82,618,807,652,839
Wasikowski,67,RSS,3,82,619,807,651,839
Wasikowski,67,RSS,4,82,618,808,652,838
Wasikowski,67,RSS,5,82,618,807,652,842
Wasikowski,68,neg.SD,1,82,618,808,652,839
Wasikowski,68,neg.SD,2,82,618,807,652,840
Wasikowski,68,neg.SD,3,82,618,807,652,839
Wasikowski,68,neg.SD,4,82,618,808,652,839
Wasikowski,68,neg.SD,5,82,618,807,651,840
Wasikowski,68,RSS,1,82,617,808,652,839
Wasikowski,68,RSS,2,82,618,807,652,839
Wasikowski,68,RSS,3,82,619,807,651,839
Wasikowski,68,RSS,4,82,618,808,652,838
Wasikowski,68,RSS,5,82,618,807,652,842
Wasikowski,69,neg.SD,1,82,618,807,652,840
Wasikowski,69,neg.SD,2,82,618,807,652,840
Wasikowski,69,neg.SD,3,82,617,808,652,839
Wasikowski,69,neg.SD,4,82,619,807,652,839
Wasikowski,69,neg.SD,5,82,618,808,651,839
Wasikowski,69,RSS,1,82,617,808,652,839
Wasikowski,69,RSS,2,82,618,807,652,839
Wasikowski,69,RSS,3,82,619,807,651,839
Wasikowski,69,RSS,4,82,618,808,652,838
Wasikowski,69,RSS,5,82,618,807,652,842
Wasikowski,70,neg.SD,1,82,618,807,652,840
Wasikowski,70,neg.SD,2,82,618,807,652,840
Wasikowski,70,neg.SD,3,82,617,808,652,839
Wasikowski,70,neg.SD,4,82,619,808,651,839
Wasikowski,70,neg.SD,5,82,618,807,652,839
Wasikowski,70,RSS,1,82,617,808,652,839
Wasikowski,70,RSS,2,82,618,807,652,839
Wasikowski,70,RSS,3,82,619,807,651,839
Wasikowski,70,RSS,4,82,618,808,652,838
Wasikowski,70,RSS,5,82,618,807,652,842
Wasikowski,71,neg.SD,1,82,618,807,652,840
Wasikowski,71,neg.SD,2,82,618,807,652,839
Wasikowski,71,neg.SD,3,82,618,808,652,839
Wasikowski,71,neg.SD,4,82,618,808,652,839
Wasikowski,71,neg.SD,5,82,618,807,651,840
Wasikowski,71,RSS,1,82,617,808,652,839
Wasikowski,71,RSS,2,82,618,807,652,839
Wasikowski,71,RSS,3,82,619,807,651,839
Wasikowski,71,RSS,4,82,618,808,652,838
Wasikowski,71,RSS,5,82,618,807,652,842
Wasikowski,72,neg.SD,1,82,618,807,652,840
Wasikowski,72,neg.SD,2,82,618,808,651,840
Wasikowski,72,neg.SD,3,82,618,808,652,839
Wasikowski,72,neg.SD,4,82,618,807,652,839
Wasikowski,72,neg.SD,5,82,618,807,652,839
Wasikowski,72,RSS,1,82,617,808,652,839
Wasikowski,72,RSS,2,82,618,807,652,839
Wasikowski,72,RSS,3,82,619,807,651,839
Wasikowski,72,RSS,4,82,618,808,652,838
Wasikowski,72,RSS,5,82,618,807,652,842
Wasikowski,73,neg.SD,1,82,618,808,652,839
Wasikowski,73,neg.SD,2,82,617,808,652,840
Wasikowski,73,neg.SD,3,82,618,807,652,840
Wasikowski,73,neg.SD,4,82,619,807,651,839
Wasikowski,73,neg.SD,5,82,618,807,652,839
Wasikowski,73,RSS,1,82,617,808,652,839
Wasikowski,73,RSS,2,82,618,807,652,839
Wasikowski,73,RSS,3,82,619,807,651,839
Wasikowski,73,RSS,4,82,618,808,652,838
Wasikowski,73,RSS,5,82,618,807,652,842
Wasikowski,74,neg.SD,1,81,618,807,652,840
Wasikowski,74,neg.SD,2,82,617,808,652,840
Wasikowski,74,neg.SD,3,82,619,807,651,839
Wasikowski,74,neg.SD,4,82,618,808,651,839
Wasikowski,74,neg.SD,5,83,618,807,653,839
Wasikowski,74,RSS,1,82,617,808,652,839
Wasikowski,74,RSS,2,82,618,807,652,839
Wasikowski,74,RSS,3,82,619,807,651,839
Wasikowski,74,RSS,4,82,618,808,652,838
Wasikowski,74,RSS,5,82,618,807,652,842
Wasikowski,75,neg.SD,1,82,618,808,652,839
Wasikowski,75,neg.SD,2,83,618,807,652,839
Wasikowski,75,neg.SD,3,82,618,807,652,840
Wasikowski,75,neg.SD,4,82,617,808,652,839
Wasikowski,75,neg.SD,5,81,619,807,651,840
Wasikowski,75,RSS,1,82,617,808,652,839
Wasikowski,75,RSS,2,82,618,807,652,839
Wasikowski,75,RSS,3,82,619,807,651,839
Wasikowski,75,RSS,4,82,618,808,652,838
Wasikowski,75,RSS,5,82,618,807,652,842
Wasikowski,76,neg.SD,1,82,618,807,652,840
Wasikowski,76,neg.SD,2,82,618,808,652,839
Wasikowski,76,neg.SD,3,82,618,807,652,840
Wasikowski,76,neg.SD,4,82,618,807,652,839
Wasikowski,76,neg.SD,5,82,618,808,651,839
Wasikowski,76,RSS,1,82,617,808,652,839
Wasikowski,76,RSS,2,82,618,807,652,839
Wasikowski,76,RSS,3,82,619,807,651,839
Wasikowski,76,RSS,4,82,618,808,652,838
Wasikowski,76,RSS,5,82,618,807,652,842
Wasikowski,77,neg.SD,1,82,618,807,652,840
Wasikowski,77,neg.SD,2,82,618,807,652,840
Wasikowski,77,neg.SD,3,82,618,808,652,839
Wasikowski,77,neg.SD,4,82,617,808,652,839
Wasikowski,77,neg.SD,5,82,619,807,651,839
Wasikowski,77,RSS,1,82,617,808,652,839
Wasikowski,77,RSS,2,82,618,807,652,839
Wasikowski,77,RSS,3,82,619,807,651,839
Wasikowski,77,RSS,4,82,618,808,652,838
Wasikowski,77,RSS,5,82,618,807,652,842
Wasikowski,78,neg.SD,1,82,618,808,652,839
Wasikowski,78,neg.SD,2,82,618,807,652,839
Wasikowski,78,neg.SD,3,82,618,807,652,839
Wasikowski,78,neg.SD,4,82,618,807,652,840
Wasikowski,78,neg.SD,5,82,618,808,651,840
Wasikowski,78,RSS,1,82,617,808,652,839
Wasikowski,78,RSS,2,82,618,807,652,839
Wasikowski,78,RSS,3,82,619,807,651,839
Wasikowski,78,RSS,4,82,618,808,652,838
Wasikowski,78,RSS,5,82,618,807,652,842
Wasikowski,79,neg.SD,1,82,618,807,652,839
Wasikowski,79,neg.SD,2,82,618,807,652,839
Wasikowski,79,neg.SD,3,82,618,807,652,840
Wasikowski,79,neg.SD,4,82,617,808,652,840
Wasikowski,79,neg.SD,5,82,619,808,651,839
Wasikowski,79,RSS,1,82,617,808,652,839
Wasikowski,79,RSS,2,82,618,807,652,839
Wasikowski,79,RSS,3,82,619,807,651,839
Wasikowski,79,RSS,4,82,618,808,652,838
Wasikowski,79,RSS,5,82,618,807,652,842
Wasikowski,80,neg.SD,1,82,618,808,652,839
Wasikowski,80,neg.SD,2,82,617,808,652,840
Wasikowski,80,neg.SD,3,81,618,807,652,840
Wasikowski,80,neg.SD,4,82,619,807,651,839
Wasikowski,80,neg.SD,5,83,618,807,652,839
Wasikowski,80,RSS,1,82,617,808,652,839
Wasikowski,80,RSS,2,82,618,807,652,839
Wasikowski,80,RSS,3,82,619,807,651,839
Wasikowski,80,RSS,4,82,618,808,652,838
Wasikowski,80,RSS,5,82,618,807,652,842
Wasikowski,81,neg.SD,1,82,618,808,652,839
Wasikowski,81,neg.SD,2,82,617,807,652,840
Wasikowski,81,neg.SD,3,82,618,807,652,840
Wasikowski,81,neg.SD,4,82,618,808,652,839
Wasikowski,81,neg.SD,5,82,619,807,651,839
Wasikowski,81,RSS,1,82,617,808,652,839
Wasikowski,81,RSS,2,82,618,807,652,839
Wasikowski,81,RSS,3,82,619,807,651,839
Wasikowski,81,RSS,4,82,618,808,652,838
Wasikowski,81,RSS,5,82,618,807,652,842
Wasikowski,82,neg.SD,1,82,618,807,652,840
Wasikowski,82,neg.SD,2,81,618,808,652,840
Wasikowski,82,neg.SD,3,82,618,808,651,839
Wasikowski,82,neg.SD,4,82,618,807,652,839
Wasikowski,82,neg.SD,5,83,618,807,652,839
Wasikowski,82,RSS,1,82,617,808,652,839
Wasikowski,82,RSS,2,82,618,807,652,839
Wasikowski,82,RSS,3,82,619,807,651,839
Wasikowski,82,RSS,4,82,618,808,652,838
Wasikowski,82,RSS,5,82,618,807,652,842
Wasikowski,83,neg.SD,1,82,618,807,652,840
Wasikowski,83,neg.SD,2,81,618,808,652,839
Wasikowski,83,neg.SD,3,83,618,807,652,839
Wasikowski,83,neg.SD,4,82,618,807,652,840
Wasikowski,83,neg.SD,5,82,618,808,651,839
Wasikowski,83,RSS,1,82,617,808,652,839
Wasikowski,83,RSS,2,82,618,807,652,839
Wasikowski,83,RSS,3,82,619,807,651,839
Wasikowski,83,RSS,4,82,618,808,652,838
Wasikowski,83,RSS,5,82,618,807,652,842
Wasikowski,84,neg.SD,1,82,618,808,652,838
Wasikowski,84,neg.SD,2,82,618,807,652,840
Wasikowski,84,neg.SD,3,82,618,807,651,840
Wasikowski,84,neg.SD,4,82,618,807,652,839
Wasikowski,84,neg.SD,5,82,618,808,652,840
Wasikowski,84,RSS,1,82,617,808,652,839
Wasikowski,84,RSS,2,82,618,807,652,839
Wasikowski,84,RSS,3,82,619,807,651,839
Wasikowski,84,RSS,4,82,618,808,652,838
Wasikowski,84,RSS,5,82,618,807,652,842
Wasikowski,85,neg.SD,1,82,618,807,652,840
Wasikowski,85,neg.SD,2,82,618,808,652,839
Wasikowski,85,neg.SD,3,82,618,807,652,839
Wasikowski,85,neg.SD,4,83,618,807,652,839
Wasikowski,85,neg.SD,5,81,618,808,651,840
Wasikowski,85,RSS,1,82,617,808,652,839
Wasikowski,85,RSS,2,82,618,807,652,839
Wasikowski,85,RSS,3,82,619,807,651,839
Wasikowski,85,RSS,4,82,618,808,652,838
Wasikowski,85,RSS,5,82,618,807,652,842
Wasikowski,86,neg.SD,1,82,617,807,652,840
Wasikowski,86,neg.SD,2,81,619,807,652,839
Wasikowski,86,neg.SD,3,82,618,808,652,839
Wasikowski,86,neg.SD,4,82,618,807,651,840
Wasikowski,86,neg.SD,5,83,618,808,652,839
Wasikowski,86,RSS,1,82,617,808,652,839
Wasikowski,86,RSS,2,82,618,807,652,839
Wasikowski,86,RSS,3,82,619,807,651,839
Wasikowski,86,RSS,4,82,618,808,652,838
Wasikowski,86,RSS,5,82,618,807,652,842
Wasikowski,87,neg.SD,1,82,618,807,652,840
Wasikowski,87,neg.SD,2,82,618,808,651,840
Wasikowski,87,neg.SD,3,82,618,807,652,839
Wasikowski,87,neg.SD,4,82,618,808,652,839
Wasikowski,87,neg.SD,5,82,618,807,652,839
Wasikowski,87,RSS,1,82,617,808,652,839
Wasikowski,87,RSS,2,82,618,807,652,839
Wasikowski,87,RSS,3,82,619,807,651,839
Wasikowski,87,RSS,4,82,618,808,652,838
Wasikowski,87,RSS,5,82,618,807,652,842
Wasikowski,88,neg.SD,1,82,618,808,652,839
Wasikowski,88,neg.SD,2,82,618,807,652,839
Wasikowski,88,neg.SD,3,82,618,807,651,840
Wasikowski,88,neg.SD,4,82,618,808,652,839
Wasikowski,88,neg.SD,5,82,618,807,652,840
Wasikowski,88,RSS,1,82,617,808,652,839
Wasikowski,88,RSS,2,82,618,807,652,839
Wasikowski,88,RSS,3,82,619,807,651,839
Wasikowski,88,RSS,4,82,618,808,652,838
Wasikowski,88,RSS,5,82,618,807,652,842
Wasikowski,89,neg.SD,1,82,618,808,652,839
Wasikowski,89,neg.SD,2,82,618,807,652,839
Wasikowski,89,neg.SD,3,82,618,808,652,839
Wasikowski,89,neg.SD,4,82,618,807,652,840
Wasikowski,89,neg.SD,5,82,618,807,651,840
Wasikowski,89,RSS,1,82,617,808,652,839
Wasikowski,89,RSS,2,82,618,807,652,839
Wasikowski,89,RSS,3,82,619,807,651,839
Wasikowski,89,RSS,4,82,618,808,652,838
Wasikowski,89,RSS,5,82,618,807,652,842
Wasikowski,90,neg.SD,1,82,618,808,651,840
Wasikowski,90,neg.SD,2,82,618,807,652,840
Wasikowski,90,neg.SD,3,82,618,807,652,839
Wasikowski,90,neg.SD,4,82,618,807,652,839
Wasikowski,90,neg.SD,5,82,618,808,652,839
Wasikowski,90,RSS,1,82,617,808,652,839
Wasikowski,90,RSS,2,82,618,807,652,839
Wasikowski,90,RSS,3,82,619,807,651,839
Wasikowski,90,RSS,4,82,618,808,652,838
Wasikowski,90,RSS,5,82,618,807,652,842
Wasikowski,91,neg.SD,1,81,618,807,652,840
Wasikowski,91,neg.SD,2,82,618,807,652,840
Wasikowski,91,neg.SD,3,82,618,807,652,839
Wasikowski,91,neg.SD,4,82,618,808,652,839
Wasikowski,91,neg.SD,5,83,618,808,651,839
Wasikowski,91,RSS,1,82,617,808,652,839
Wasikowski,91,RSS,2,82,618,807,652,839
Wasikowski,91,RSS,3,82,619,807,651,839
Wasikowski,91,RSS,4,82,618,808,652,838
Wasikowski,91,RSS,5,82,618,807,652,842
Wasikowski,92,neg.SD,1,82,618,807,651,840
Wasikowski,92,neg.SD,2,82,618,807,652,840
Wasikowski,92,neg.SD,3,82,618,807,652,839
Wasikowski,92,neg.SD,4,82,618,807,652,839
Wasikowski,92,neg.SD,5,82,618,809,652,839
Wasikowski,92,RSS,1,82,617,808,652,839
Wasikowski,92,RSS,2,82,618,807,652,839
Wasikowski,92,RSS,3,82,619,807,651,839
Wasikowski,92,RSS,4,82,618,808,652,838
Wasikowski,92,RSS,5,82,618,807,652,842
Wasikowski,93,neg.SD,1,82,618,808,652,839
Wasikowski,93,neg.SD,2,82,618,807,652,839
Wasikowski,93,neg.SD,3,82,618,807,651,840
Wasikowski,93,neg.SD,4,82,618,808,652,839
Wasikowski,93,neg.SD,5,82,618,807,652,840
Wasikowski,93,RSS,1,82,617,808,652,839
Wasikowski,93,RSS,2,82,618,807,652,839
Wasikowski,93,RSS,3,82,619,807,651,839
Wasikowski,93,RSS,4,82,618,808,652,838
Wasikowski,93,RSS,5,82,618,807,652,842
Wasikowski,94,neg.SD,1,82,618,807,652,839
Wasikowski,94,neg.SD,2,82,618,807,652,840
Wasikowski,94,neg.SD,3,82,617,808,652,839
Wasikowski,94,neg.SD,4,82,618,807,652,840
Wasikowski,94,neg.SD,5,82,619,808,651,839
Wasikowski,94,RSS,1,82,617,808,652,839
Wasikowski,94,RSS,2,82,618,807,652,839
Wasikowski,94,RSS,3,82,619,807,651,839
Wasikowski,94,RSS,4,82,618,808,652,838
Wasikowski,94,RSS,5,82,618,807,652,842
Wasikowski,95,neg.SD,1,81,618,808,652,840
Wasikowski,95,neg.SD,2,83,618,808,651,839
Wasikowski,95,neg.SD,3,82,618,807,652,839
Wasikowski,95,neg.SD,4,82,618,807,652,839
Wasikowski,95,neg.SD,5,82,618,807,652,840
Wasikowski,95,RSS,1,82,617,808,652,839
Wasikowski,95,RSS,2,82,618,807,652,839
Wasikowski,95,RSS,3,82,619,807,651,839
Wasikowski,95,RSS,4,82,618,808,652,838
Wasikowski,95,RSS,5,82,618,807,652,842
Wasikowski,96,neg.SD,1,82,618,808,652,839
Wasikowski,96,neg.SD,2,82,618,807,652,840
Wasikowski,96,neg.SD,3,82,618,807,652,840
Wasikowski,96,neg.SD,4,82,618,807,652,839
Wasikowski,96,neg.SD,5,82,618,808,651,839
Wasikowski,96,RSS,1,82,617,808,652,839
Wasikowski,96,RSS,2,82,618,807,652,839
Wasikowski,96,RSS,3,82,619,807,651,839
Wasikowski,96,RSS,4,82,618,808,652,838
Wasikowski,96,RSS,5,82,618,807,652,842
Wasikowski,97,neg.SD,1,82,618,808,652,839
Wasikowski,97,neg.SD,2,82,618,807,652,840
Wasikowski,97,neg.SD,3,82,617,808,652,839
Wasikowski,97,neg.SD,4,82,619,807,652,839
Wasikowski,97,neg.SD,5,82,618,807,651,840
Wasikowski,97,RSS,1,82,617,808,652,839
Wasikowski,97,RSS,2,82,618,807,652,839
Wasikowski,97,RSS,3,82,619,807,651,839
Wasikowski,97,RSS,4,82,618,808,652,838
Wasikowski,97,RSS,5,82,618,807,652,842
Wasikowski,98,neg.SD,1,81,618,808,652,840
Wasikowski,98,neg.SD,2,82,618,807,652,840
Wasikowski,98,neg.SD,3,82,618,808,651,839
Wasikowski,98,neg.SD,4,83,618,807,651,839
Wasikowski,98,neg.SD,5,82,618,807,653,839
Wasikowski,98,RSS,1,82,617,808,652,839
Wasikowski,98,RSS,2,82,618,807,652,839
Wasikowski,98,RSS,3,82,619,807,651,839
Wasikowski,98,RSS,4,82,618,808,652,838
Wasikowski,98,RSS,5,82,618,807,652,842
Wasikowski,99,neg.SD,1,82,618,807,652,840
Wasikowski,99,neg.SD,2,82,618,808,652,839
Wasikowski,99,neg.SD,3,82,618,807,652,839
Wasikowski,99,neg.SD,4,82,618,807,651,840
Wasikowski,99,neg.SD,5,82,618,808,652,839
Wasikowski,99,RSS,1,82,617,808,652,839
Wasikowski,99,RSS,2,82,618,807,652,839
Wasikowski,99,RSS,3,82,619,807,651,839
Wasikowski,99,RSS,4,82,618,808,652,838
Wasikowski,99,RSS,5,82,618,807,652,842
Wasikowski,100,neg.SD,1,82,618,807,652,840
Wasikowski,100,neg.SD,2,82,618,808,651,840
Wasikowski,100,neg.SD,3,82,618,807,652,839
Wasikowski,100,neg.SD,4,82,618,807,652,839
Wasikowski,100,neg.SD,5,82,618,808,652,839
Wasikowski,100,RSS,1,82,617,808,652,839
Wasikowski,100,RSS,2,82,618,807,652,839
Wasikowski,100,RSS,3,82,619,807,651,839
Wasikowski,100,RSS,4,82,618,808,652,838
Wasikowski,100,RSS,5,82,618,807,652,842
